seed,base_seed,split_seed,trial_index,test_label_cheat_enabled,test_label_cheat_fraction,actual_test_label_cheat_fraction,test_label_cheat_count,label_train_count,best_epoch,best_test_acc,best_test_macro_f1,best_test_auroc,best_test_auprc,safe_checkpoint_found,safe_test_acc,safe_test_macro_f1,safe_test_auroc,safe_test_auprc,safe_val_delta_ce,final_test_acc,final_test_macro_f1,final_test_auroc,final_test_auprc,alpha,branch_cosine,rho,pool_ratio,train_pool_ratio,candidate_pool_enabled,candidate_pool_ratio,candidate_pool_count,candidate_pool_topk_count,candidate_pool_score_mean,candidate_pool_score_selected_mean,candidate_pool_structural_mean,candidate_pool_uncertainty_mean,candidate_pool_disagreement_mean,adapter_query_candidate_pool_mean_delta_ce,adapter_query_candidate_pool_positive_delta_ratio,adapter_query_outside_candidate_pool_mean_delta_ce,adapter_query_outside_candidate_pool_positive_delta_ratio,adapter_test_candidate_pool_mean_delta_ce,adapter_test_candidate_pool_positive_delta_ratio,adapter_test_outside_candidate_pool_mean_delta_ce,adapter_test_outside_candidate_pool_positive_delta_ratio,prompt_node_count,prompt_edge_count,edge_scale,raw_edge_scale,edge_scale_multiplier,use_multiview_routing,use_class_aware_routing,use_attribute_view,use_enhanced_role_view,use_pattern_prompt_bank,use_receiver_only_prompt,use_benefit_gate,num_class_prompt_slots,residual_prompt_count,class_key_proto_init_coverage,pattern_key_init_coverage,semantic_view_weight,structural_view_weight,role_view_weight,attribute_view_weight,view_gate_entropy,semantic_route_margin,structural_route_margin,role_route_margin,attribute_route_margin,prompt_view_prior,mean_prompt_edge_weight,pool_acceptance_mean,pool_acceptance_min,pool_acceptance_max,use_hard_acceptance,hard_acceptance_ratio,hard_acceptance_selected_ratio,prompt_acceptance_budget,prompt_acceptance_supervision,acceptance_supervised_count,acceptance_positive_count,acceptance_negative_count,acceptance_ignored_count,acceptance_target_mean,acceptance_score_delta_mean,ce_delta_positive_ratio_train,ce_delta_negative_ratio_train,prompt_helpful_acceptance_precision_train,prompt_harmful_rejection_precision_train,prompt_benefit_supervision,benefit_supervised_count,benefit_positive_count,benefit_negative_count,benefit_ignored_count,mean_delta_ce_train_pool,positive_delta_ratio_train_pool,benefit_weight_delta_corr_train,benefit_label_strategy_quantile,benefit_quantile_fraction,benefit_positive_threshold,benefit_negative_threshold,benefit_delta_eps,prompt_correction_loss,prompt_anti_harm_loss,prompt_correction_supervised_count,prompt_correction_harmful_count,prompt_correction_target_norm,prompt_delta_logit_norm,prompt_delta_logit_label_alignment,harmful_prompt_delta_ratio,prompt_message_help_loss,prompt_message_help_query_loss,prompt_class_anti_harm_loss,class_balanced_mean_delta_ce,class_balanced_positive_delta_ratio,query_class_balanced_mean_delta_ce,query_class_balanced_positive_delta_ratio,message_help_supervised_count,message_help_query_supervised_count,message_help_class_count,message_help_query_class_count,message_help_margin,message_help_class_balanced,prompt_class_anti_harm_floor,utility_receive_gate_loss,utility_receive_gate_query_loss,receive_gate_budget,utility_gate_supervised_count,utility_gate_query_supervised_count,utility_gate_positive_count,utility_gate_query_positive_count,utility_gate_negative_count,utility_gate_query_negative_count,utility_gate_ignored_count,utility_gate_query_ignored_count,utility_gate_target_mean,utility_gate_query_target_mean,utility_gate_delta_corr_train,utility_gate_query_delta_corr,utility_gate_label_strategy,utility_gate_query_label_strategy,query_proto_alignment_loss,query_proto_supervised_count,query_proto_class_count,query_proto_mean_delta_dist,query_proto_positive_ratio,correction_alignment_loss,correction_alignment_anti_harm_loss,correction_alignment_node_count,correction_alignment_harmful_count,correction_alignment_cosine_mean,correction_alignment_delta_h_norm,correction_alignment_delta_ce_mean,support_query_enabled,support_only_prompt_graph,support_count,query_count,train_support_ratio,use_utility_receive_gate,utility_receive_gate_mean,utility_receive_gate_min,utility_receive_gate_max,utility_receive_gate_floor,benefit_gate_mean,benefit_gate_min,benefit_gate_max,use_edge_utility,edge_utility_mean,edge_utility_min,edge_utility_max,edge_utility_supervision_loss,edge_utility_supervised_count,edge_utility_positive_count,edge_utility_negative_count,edge_utility_ignored_count,edge_utility_target_mean,edge_utility_delta_ce_mean,edge_utility_delta_ce_positive_ratio,edge_utility_delta_corr_train,pool_strategy_id,pool_selected_ratio,pool_score_mean,pool_score_selected_mean,pool_uncertainty_mean,pool_disagreement_mean,use_hard_receive_gate,hard_receive_ratio,hard_receive_selected_ratio,receive_gate_mean,receive_gate_min,receive_gate_max,class_route,key_proto,class_router_hit_rate_train,class_router_hit_rate_val,class_router_hit_rate_test,prompt_label_purity_train,residual_prompt_usage_ratio,same_class_route_compactness,different_class_route_separation,prompt_usage_entropy,prompt_usage_full_entropy,pattern_prompt_usage_entropy,dominant_prompt_slot_ratio,active_prompt_slot_count@0.05,prompt_msg_norm,prompt_to_original_msg_norm,node_to_prompt_msg_norm,prompt_to_original_update_norm,correction_norm,node_to_prompt_update_norm,raw_prompt_update_norm,unbounded_prompt_update_norm,prompt_update_clip_ratio,bounded_correction_clip_ratio,prompt_gate_mean,prompt_gate_node_to_prompt_mean,prompt_gate_prompt_to_node_mean,prompt_receiver_gate_mean,prompt_message_scale,selected_message_scale,prompt_message_norm,bounded_prompt_update,max_prompt_update_norm,prompt_update_bound_mode,receiver_version,prompt_fusion,prompt_slot_head_count,prototype_direction_strength_mean,prototype_direction_normalize,pool_only_prompt_update,zero_init_prompt_messages,adapted_branch_delta_norm,capacity_routing_enabled,prompt_capacity,capacity_overflow_count,edge_type_counts,init_original_x_delta,init_logit_delta,init_logit_delta_full_edge_scale,init_prompt_adapter_update_norm,prompt_adapter_enabled,prompt_adapter_update_norm,prompt_adapter_update_max_norm,prompt_adapter_raw_delta_norm,prompt_adapter_delta_norm,prompt_adapter_gate_mean,prompt_adapter_gate_min,prompt_adapter_gate_max,prompt_adapter_raw_gate_mean,prompt_adapter_raw_gate_min,prompt_adapter_raw_gate_max,prompt_adapter_update_mask_ratio,prompt_adapter_clip_ratio,high_frequency_norm,low_frequency_norm,adapter_query_mean_delta_ce,adapter_query_positive_delta_ratio,adapter_query_mean_ce_no_prompt,adapter_query_mean_ce_prompt,adapter_query_count,adapter_train_mean_delta_ce,adapter_train_positive_delta_ratio,adapter_val_mean_delta_ce,adapter_val_positive_delta_ratio,adapter_test_mean_delta_ce,adapter_test_positive_delta_ratio,prompt_adapter_update_norm_loss,prompt_adapter_gate_budget_loss,prompt_adapter_gate_consistency_loss,prompt_adapter_delta_consistency_loss,prompt_adapter_episode_count,support_context_enabled,support_context_available,support_context_coverage,support_context_count,support_similarity_margin,support_similarity_entropy,support_reliability_mean,support_reliability_min,support_reliability_max,support_topk_mean_score,prompt_adapter_message_help_loss,prompt_adapter_message_help_mean_delta_ce,prompt_adapter_message_help_positive_ratio,prompt_adapter_message_help_count,prompt_adapter_message_help_anti_harm_loss,prompt_adapter_utility_gate_loss,prompt_adapter_utility_gate_target_mean,prompt_adapter_utility_gate_count,prompt_adapter_utility_gate_delta_mean,prompt_adapter_utility_gate_positive_ratio,early_stopped,stopped_epoch,diagnostic_message_scale,utility_mean_delta_ce,utility_positive_delta_ratio,utility_mean_ce_no_prompt,utility_mean_ce_prompt,utility_mean_delta_ce_train_pool,utility_positive_delta_ratio_train_pool,utility_mean_delta_ce_val_pool,utility_positive_delta_ratio_val_pool,utility_mean_delta_ce_test_pool,utility_positive_delta_ratio_test_pool,utility_acceptance_delta_correlation,utility_structural_score_delta_correlation
0,0,0,0,False,0.1,0.0,0,230,65.0,0.37111228704452515,0.3524043619632721,0.6459765315055848,0.32429201900959015,0.0,0.0,0.0,0.0,0.0,0.0,0.3674222528934479,0.3560693621635437,0.6387884855270386,0.3197887420654297,0.48034870624542236,0.9916248917579651,0.0,0.2204655259847641,0.10101009905338287,0.0,0.0,0.0,0.0,0.0,0.0,0.0,0.0,0.0,0.0,0.0,0.0,0.0,0.0,0.0,0.0,0.0,895,1182,1.0,1.0,1.0,0.0,0.0,0.0,0.0,0.0,1.0,0.0,0.0,0.0,0.0,0.0,0.0,1.0,0.0,0.0,0.0,0.0,0.0,0.0,0.0,0.0,0.5421287417411804,1.0,1.0,1.0,0.0,0.0,0.0,0.0,0.0,0.0,0.0,0.0,0.0,0.0,0.0,0.0,0.0,0.0,0.0,0.0,0.0,0.0,0.0,0.0,0.0,0.0,0.0,0.0,0.0,0.0,0.0,0.0,0.0,0.0,0.0,0.0,0.0,0.0,0.0,0.0,0.0,0.0,0.0,0.0,0.0,0.0,0.0,0.0,0.0,0.0,0.0,0.0,1.0,0.0,0.0,0.0,0.0,0.0,0.0,0.0,0.0,0.0,0.0,0.0,0.0,0.0,0.0,0.0,0.0,quantile,quantile,0.0,0.0,0.0,0.0,0.0,0.0,0.0,0.0,0.0,0.0,0.0,0.0,0.0,0.0,230.0,0.0,1.0,0.0,1.0,1.0,1.0,0.0,1.0,1.0,1.0,0.0,1.0,1.0,1.0,0.0,0.0,0.0,0.0,0.0,0.0,0.0,0.0,0.0,0.0,0.0,0.0,0.0,0.0,0.0,0.0,0.0,0.0,1.0,1.0,1.0,0.0,0.0,0.0,0.0,0.0,0.0,0,0.0,0.0,0.0,0.0,0.0,0.0,0.0,0.0,0.0,0.0,0.0,0.0,0.0,0.0,0.0,0.0,0.0,0.0,0.0,0.0,0.0,0.0,0.0,,0.0,0.0,,,,0.0,0.0,0.0,0.0,0.0,0.0,0.0,0.0,0.0,"[36101, 0, 1182]",0.0,0.0,3.8120895624160767e-05,0.0,0.0,0.0,0.0,0.0,0.0,0.0,0.0,0.0,0.0,0.0,0.0,0.0,0.0,0.0,0.0,0.0,0.0,0.0,0.0,0.0,0.0,0.0,0.0,0.0,0.0,0.0,0.0,0.0,0.0,0.0,1.0,0.0,0.0,0.0,0.0,0.0,0.0,0.0,0.0,0.0,0.0,0.0,0.0,0.0,0.0,0.0,0.0,0.0,0.0,0.0,0.0,True,100,,,,,,,,,,,,,
1,0,0,1,False,0.1,0.0,0,230,70.0,0.37005800008773804,0.34520792961120605,0.645563292503357,0.3219479978084564,0.0,0.0,0.0,0.0,0.0,0.0,0.354770690202713,0.338962122797966,0.6303640723228454,0.30965022146701815,0.47784048318862915,0.9836358428001404,0.0,0.22002634406089783,0.10101009905338287,0.0,0.0,0.0,0.0,0.0,0.0,0.0,0.0,0.0,0.0,0.0,0.0,0.0,0.0,0.0,0.0,0.0,912,1178,1.0,1.0,1.0,0.0,0.0,0.0,0.0,0.0,1.0,0.0,0.0,0.0,0.0,0.0,0.0,1.0,0.0,0.0,0.0,0.0,0.0,0.0,0.0,0.0,0.5688025951385498,1.0,1.0,1.0,0.0,0.0,0.0,0.0,0.0,0.0,0.0,0.0,0.0,0.0,0.0,0.0,0.0,0.0,0.0,0.0,0.0,0.0,0.0,0.0,0.0,0.0,0.0,0.0,0.0,0.0,0.0,0.0,0.0,0.0,0.0,0.0,0.0,0.0,0.0,0.0,0.0,0.0,0.0,0.0,0.0,0.0,0.0,0.0,0.0,0.0,0.0,0.0,1.0,0.0,0.0,0.0,0.0,0.0,0.0,0.0,0.0,0.0,0.0,0.0,0.0,0.0,0.0,0.0,0.0,quantile,quantile,0.0,0.0,0.0,0.0,0.0,0.0,0.0,0.0,0.0,0.0,0.0,0.0,0.0,0.0,230.0,0.0,1.0,0.0,1.0,1.0,1.0,0.0,1.0,1.0,1.0,0.0,1.0,1.0,1.0,0.0,0.0,0.0,0.0,0.0,0.0,0.0,0.0,0.0,0.0,0.0,0.0,0.0,0.0,0.0,0.0,0.0,0.0,1.0,1.0,1.0,0.0,0.0,0.0,0.0,0.0,0.0,0,0.0,0.0,0.0,0.0,0.0,0.0,0.0,0.0,0.0,0.0,0.0,0.0,0.0,0.0,0.0,0.0,0.0,0.0,0.0,0.0,0.0,0.0,0.0,,0.0,0.0,,,,0.0,0.0,0.0,0.0,0.0,0.0,0.0,0.0,0.0,"[36101, 0, 1178]",0.0,0.0,2.9114075005054474e-05,0.0,0.0,0.0,0.0,0.0,0.0,0.0,0.0,0.0,0.0,0.0,0.0,0.0,0.0,0.0,0.0,0.0,0.0,0.0,0.0,0.0,0.0,0.0,0.0,0.0,0.0,0.0,0.0,0.0,0.0,0.0,1.0,0.0,0.0,0.0,0.0,0.0,0.0,0.0,0.0,0.0,0.0,0.0,0.0,0.0,0.0,0.0,0.0,0.0,0.0,0.0,0.0,True,105,,,,,,,,,,,,,
2,0,0,2,False,0.1,0.0,0,230,30.0,0.35424354672431946,0.3008884146809578,0.6391780614852905,0.3159287512302399,0.0,0.0,0.0,0.0,0.0,0.0,0.35318925976753235,0.3391822099685669,0.6324880242347717,0.3181956887245178,0.4934485852718353,0.9996957182884216,0.0,0.22002634406089783,0.10101009905338287,0.0,0.0,0.0,0.0,0.0,0.0,0.0,0.0,0.0,0.0,0.0,0.0,0.0,0.0,0.0,0.0,0.0,948,1191,1.0,1.0,1.0,0.0,0.0,0.0,0.0,0.0,1.0,0.0,0.0,0.0,0.0,0.0,0.0,1.0,0.0,0.0,0.0,0.0,0.0,0.0,0.0,0.0,0.565511167049408,1.0,1.0,1.0,0.0,0.0,0.0,0.0,0.0,0.0,0.0,0.0,0.0,0.0,0.0,0.0,0.0,0.0,0.0,0.0,0.0,0.0,0.0,0.0,0.0,0.0,0.0,0.0,0.0,0.0,0.0,0.0,0.0,0.0,0.0,0.0,0.0,0.0,0.0,0.0,0.0,0.0,0.0,0.0,0.0,0.0,0.0,0.0,0.0,0.0,0.0,0.0,1.0,0.0,0.0,0.0,0.0,0.0,0.0,0.0,0.0,0.0,0.0,0.0,0.0,0.0,0.0,0.0,0.0,quantile,quantile,0.0,0.0,0.0,0.0,0.0,0.0,0.0,0.0,0.0,0.0,0.0,0.0,0.0,0.0,230.0,0.0,1.0,0.0,1.0,1.0,1.0,0.0,1.0,1.0,1.0,0.0,1.0,1.0,1.0,0.0,0.0,0.0,0.0,0.0,0.0,0.0,0.0,0.0,0.0,0.0,0.0,0.0,0.0,0.0,0.0,0.0,0.0,1.0,1.0,1.0,0.0,0.0,0.0,0.0,0.0,0.0,0,0.0,0.0,0.0,0.0,0.0,0.0,0.0,0.0,0.0,0.0,0.0,0.0,0.0,0.0,0.0,0.0,0.0,0.0,0.0,0.0,0.0,0.0,0.0,,0.0,0.0,,,,0.0,0.0,0.0,0.0,0.0,0.0,0.0,0.0,0.0,"[36101, 0, 1191]",0.0,0.0,6.154924631118774e-05,0.0,0.0,0.0,0.0,0.0,0.0,0.0,0.0,0.0,0.0,0.0,0.0,0.0,0.0,0.0,0.0,0.0,0.0,0.0,0.0,0.0,0.0,0.0,0.0,0.0,0.0,0.0,0.0,0.0,0.0,0.0,1.0,0.0,0.0,0.0,0.0,0.0,0.0,0.0,0.0,0.0,0.0,0.0,0.0,0.0,0.0,0.0,0.0,0.0,0.0,0.0,0.0,True,65,,,,,,,,,,,,,
3,0,0,3,False,0.1,0.0,0,230,40.0,0.3827095329761505,0.35244871973991393,0.6472136974334717,0.32229926586151125,0.0,0.0,0.0,0.0,0.0,0.0,0.34897205233573914,0.33425371944904325,0.6368080735206604,0.32027368545532225,0.4900048077106476,0.999788224697113,0.0,0.21914799511432648,0.10101009905338287,0.0,0.0,0.0,0.0,0.0,0.0,0.0,0.0,0.0,0.0,0.0,0.0,0.0,0.0,0.0,0.0,0.0,890,1145,1.0,1.0,1.0,0.0,0.0,0.0,0.0,0.0,1.0,0.0,0.0,0.0,0.0,0.0,0.0,1.0,0.0,0.0,0.0,0.0,0.0,0.0,0.0,0.0,0.550027072429657,1.0,1.0,1.0,0.0,0.0,0.0,0.0,0.0,0.0,0.0,0.0,0.0,0.0,0.0,0.0,0.0,0.0,0.0,0.0,0.0,0.0,0.0,0.0,0.0,0.0,0.0,0.0,0.0,0.0,0.0,0.0,0.0,0.0,0.0,0.0,0.0,0.0,0.0,0.0,0.0,0.0,0.0,0.0,0.0,0.0,0.0,0.0,0.0,0.0,0.0,0.0,1.0,0.0,0.0,0.0,0.0,0.0,0.0,0.0,0.0,0.0,0.0,0.0,0.0,0.0,0.0,0.0,0.0,quantile,quantile,0.0,0.0,0.0,0.0,0.0,0.0,0.0,0.0,0.0,0.0,0.0,0.0,0.0,0.0,230.0,0.0,1.0,0.0,1.0,1.0,1.0,0.0,1.0,1.0,1.0,0.0,1.0,1.0,1.0,0.0,0.0,0.0,0.0,0.0,0.0,0.0,0.0,0.0,0.0,0.0,0.0,0.0,0.0,0.0,0.0,0.0,0.0,1.0,1.0,1.0,0.0,0.0,0.0,0.0,0.0,0.0,0,0.0,0.0,0.0,0.0,0.0,0.0,0.0,0.0,0.0,0.0,0.0,0.0,0.0,0.0,0.0,0.0,0.0,0.0,0.0,0.0,0.0,0.0,0.0,,0.0,0.0,,,,0.0,0.0,0.0,0.0,0.0,0.0,0.0,0.0,0.0,"[36101, 0, 1145]",0.0,0.0,3.9052218198776245e-05,0.0,0.0,0.0,0.0,0.0,0.0,0.0,0.0,0.0,0.0,0.0,0.0,0.0,0.0,0.0,0.0,0.0,0.0,0.0,0.0,0.0,0.0,0.0,0.0,0.0,0.0,0.0,0.0,0.0,0.0,0.0,1.0,0.0,0.0,0.0,0.0,0.0,0.0,0.0,0.0,0.0,0.0,0.0,0.0,0.0,0.0,0.0,0.0,0.0,0.0,0.0,0.0,True,75,,,,,,,,,,,,,
4,0,0,4,False,0.1,0.0,0,230,50.0,0.34211912751197815,0.3052992284297943,0.6562085390090943,0.3266816079616547,0.0,0.0,0.0,0.0,0.0,0.0,0.3526620864868164,0.3349327266216278,0.6445937991142273,0.32047896087169647,0.4864310324192047,0.9991145730018616,0.0,0.2204655259847641,0.10101009905338287,0.0,0.0,0.0,0.0,0.0,0.0,0.0,0.0,0.0,0.0,0.0,0.0,0.0,0.0,0.0,0.0,0.0,881,1138,1.0,1.0,1.0,0.0,0.0,0.0,0.0,0.0,1.0,0.0,0.0,0.0,0.0,0.0,0.0,1.0,0.0,0.0,0.0,0.0,0.0,0.0,0.0,0.0,0.5519838333129883,1.0,1.0,1.0,0.0,0.0,0.0,0.0,0.0,0.0,0.0,0.0,0.0,0.0,0.0,0.0,0.0,0.0,0.0,0.0,0.0,0.0,0.0,0.0,0.0,0.0,0.0,0.0,0.0,0.0,0.0,0.0,0.0,0.0,0.0,0.0,0.0,0.0,0.0,0.0,0.0,0.0,0.0,0.0,0.0,0.0,0.0,0.0,0.0,0.0,0.0,0.0,1.0,0.0,0.0,0.0,0.0,0.0,0.0,0.0,0.0,0.0,0.0,0.0,0.0,0.0,0.0,0.0,0.0,quantile,quantile,0.0,0.0,0.0,0.0,0.0,0.0,0.0,0.0,0.0,0.0,0.0,0.0,0.0,0.0,230.0,0.0,1.0,0.0,1.0,1.0,1.0,0.0,1.0,1.0,1.0,0.0,1.0,1.0,1.0,0.0,0.0,0.0,0.0,0.0,0.0,0.0,0.0,0.0,0.0,0.0,0.0,0.0,0.0,0.0,0.0,0.0,0.0,1.0,1.0,1.0,0.0,0.0,0.0,0.0,0.0,0.0,0,0.0,0.0,0.0,0.0,0.0,0.0,0.0,0.0,0.0,0.0,0.0,0.0,0.0,0.0,0.0,0.0,0.0,0.0,0.0,0.0,0.0,0.0,0.0,,0.0,0.0,,,,0.0,0.0,0.0,0.0,0.0,0.0,0.0,0.0,0.0,"[36101, 0, 1138]",0.0,0.0,2.6691704988479614e-05,0.0,0.0,0.0,0.0,0.0,0.0,0.0,0.0,0.0,0.0,0.0,0.0,0.0,0.0,0.0,0.0,0.0,0.0,0.0,0.0,0.0,0.0,0.0,0.0,0.0,0.0,0.0,0.0,0.0,0.0,0.0,1.0,0.0,0.0,0.0,0.0,0.0,0.0,0.0,0.0,0.0,0.0,0.0,0.0,0.0,0.0,0.0,0.0,0.0,0.0,0.0,0.0,True,85,,,,,,,,,,,,,
5,0,0,5,False,0.1,0.0,0,230,30.0,0.36794939637184143,0.3152011282742023,0.6642930626869201,0.3304219484329224,0.0,0.0,0.0,0.0,0.0,0.0,0.36531364917755127,0.3480022966861725,0.6473950266838073,0.32670494318008425,0.49342408776283264,0.9997433423995972,0.0,0.21958717703819275,0.10101009905338287,0.0,0.0,0.0,0.0,0.0,0.0,0.0,0.0,0.0,0.0,0.0,0.0,0.0,0.0,0.0,0.0,0.0,856,1152,1.0,1.0,1.0,0.0,0.0,0.0,0.0,0.0,1.0,0.0,0.0,0.0,0.0,0.0,0.0,1.0,0.0,0.0,0.0,0.0,0.0,0.0,0.0,0.0,0.5275750160217285,1.0,1.0,1.0,0.0,0.0,0.0,0.0,0.0,0.0,0.0,0.0,0.0,0.0,0.0,0.0,0.0,0.0,0.0,0.0,0.0,0.0,0.0,0.0,0.0,0.0,0.0,0.0,0.0,0.0,0.0,0.0,0.0,0.0,0.0,0.0,0.0,0.0,0.0,0.0,0.0,0.0,0.0,0.0,0.0,0.0,0.0,0.0,0.0,0.0,0.0,0.0,1.0,0.0,0.0,0.0,0.0,0.0,0.0,0.0,0.0,0.0,0.0,0.0,0.0,0.0,0.0,0.0,0.0,quantile,quantile,0.0,0.0,0.0,0.0,0.0,0.0,0.0,0.0,0.0,0.0,0.0,0.0,0.0,0.0,230.0,0.0,1.0,0.0,1.0,1.0,1.0,0.0,1.0,1.0,1.0,0.0,1.0,1.0,1.0,0.0,0.0,0.0,0.0,0.0,0.0,0.0,0.0,0.0,0.0,0.0,0.0,0.0,0.0,0.0,0.0,0.0,0.0,1.0,1.0,1.0,0.0,0.0,0.0,0.0,0.0,0.0,0,0.0,0.0,0.0,0.0,0.0,0.0,0.0,0.0,0.0,0.0,0.0,0.0,0.0,0.0,0.0,0.0,0.0,0.0,0.0,0.0,0.0,0.0,0.0,,0.0,0.0,,,,0.0,0.0,0.0,0.0,0.0,0.0,0.0,0.0,0.0,"[36101, 0, 1152]",0.0,0.0,5.7794153690338135e-05,0.0,0.0,0.0,0.0,0.0,0.0,0.0,0.0,0.0,0.0,0.0,0.0,0.0,0.0,0.0,0.0,0.0,0.0,0.0,0.0,0.0,0.0,0.0,0.0,0.0,0.0,0.0,0.0,0.0,0.0,0.0,1.0,0.0,0.0,0.0,0.0,0.0,0.0,0.0,0.0,0.0,0.0,0.0,0.0,0.0,0.0,0.0,0.0,0.0,0.0,0.0,0.0,True,65,,,,,,,,,,,,,
6,0,0,6,False,0.1,0.0,0,230,65.0,0.3558249771595001,0.3402511179447174,0.6380282402038574,0.32132996916770934,0.0,0.0,0.0,0.0,0.0,0.0,0.332630455493927,0.3172182708978653,0.6233286738395691,0.3156413733959198,0.4803466200828552,0.9919902086257935,0.0,0.2204655259847641,0.10101009905338287,0.0,0.0,0.0,0.0,0.0,0.0,0.0,0.0,0.0,0.0,0.0,0.0,0.0,0.0,0.0,0.0,0.0,907,1172,1.0,1.0,1.0,0.0,0.0,0.0,0.0,0.0,1.0,0.0,0.0,0.0,0.0,0.0,0.0,1.0,0.0,0.0,0.0,0.0,0.0,0.0,0.0,0.0,0.5459176898002625,1.0,1.0,1.0,0.0,0.0,0.0,0.0,0.0,0.0,0.0,0.0,0.0,0.0,0.0,0.0,0.0,0.0,0.0,0.0,0.0,0.0,0.0,0.0,0.0,0.0,0.0,0.0,0.0,0.0,0.0,0.0,0.0,0.0,0.0,0.0,0.0,0.0,0.0,0.0,0.0,0.0,0.0,0.0,0.0,0.0,0.0,0.0,0.0,0.0,0.0,0.0,1.0,0.0,0.0,0.0,0.0,0.0,0.0,0.0,0.0,0.0,0.0,0.0,0.0,0.0,0.0,0.0,0.0,quantile,quantile,0.0,0.0,0.0,0.0,0.0,0.0,0.0,0.0,0.0,0.0,0.0,0.0,0.0,0.0,230.0,0.0,1.0,0.0,1.0,1.0,1.0,0.0,1.0,1.0,1.0,0.0,1.0,1.0,1.0,0.0,0.0,0.0,0.0,0.0,0.0,0.0,0.0,0.0,0.0,0.0,0.0,0.0,0.0,0.0,0.0,0.0,0.0,1.0,1.0,1.0,0.0,0.0,0.0,0.0,0.0,0.0,0,0.0,0.0,0.0,0.0,0.0,0.0,0.0,0.0,0.0,0.0,0.0,0.0,0.0,0.0,0.0,0.0,0.0,0.0,0.0,0.0,0.0,0.0,0.0,,0.0,0.0,,,,0.0,0.0,0.0,0.0,0.0,0.0,0.0,0.0,0.0,"[36101, 0, 1172]",0.0,0.0,1.2665987014770508e-05,0.0,0.0,0.0,0.0,0.0,0.0,0.0,0.0,0.0,0.0,0.0,0.0,0.0,0.0,0.0,0.0,0.0,0.0,0.0,0.0,0.0,0.0,0.0,0.0,0.0,0.0,0.0,0.0,0.0,0.0,0.0,1.0,0.0,0.0,0.0,0.0,0.0,0.0,0.0,0.0,0.0,0.0,0.0,0.0,0.0,0.0,0.0,0.0,0.0,0.0,0.0,0.0,True,100,,,,,,,,,,,,,
7,0,0,7,False,0.1,0.0,0,230,30.0,0.3863995671272278,0.36227278113365174,0.6655932188034057,0.332586932182312,0.0,0.0,0.0,0.0,0.0,0.0,0.35793358087539673,0.3450968414545059,0.64911048412323,0.32680522203445433,0.49408581852912903,0.9998264312744141,0.0,0.22002634406089783,0.10101009905338287,0.0,0.0,0.0,0.0,0.0,0.0,0.0,0.0,0.0,0.0,0.0,0.0,0.0,0.0,0.0,0.0,0.0,890,1152,1.0,1.0,1.0,0.0,0.0,0.0,0.0,0.0,1.0,0.0,0.0,0.0,0.0,0.0,0.0,1.0,0.0,0.0,0.0,0.0,0.0,0.0,0.0,0.0,0.5502753853797913,1.0,1.0,1.0,0.0,0.0,0.0,0.0,0.0,0.0,0.0,0.0,0.0,0.0,0.0,0.0,0.0,0.0,0.0,0.0,0.0,0.0,0.0,0.0,0.0,0.0,0.0,0.0,0.0,0.0,0.0,0.0,0.0,0.0,0.0,0.0,0.0,0.0,0.0,0.0,0.0,0.0,0.0,0.0,0.0,0.0,0.0,0.0,0.0,0.0,0.0,0.0,1.0,0.0,0.0,0.0,0.0,0.0,0.0,0.0,0.0,0.0,0.0,0.0,0.0,0.0,0.0,0.0,0.0,quantile,quantile,0.0,0.0,0.0,0.0,0.0,0.0,0.0,0.0,0.0,0.0,0.0,0.0,0.0,0.0,230.0,0.0,1.0,0.0,1.0,1.0,1.0,0.0,1.0,1.0,1.0,0.0,1.0,1.0,1.0,0.0,0.0,0.0,0.0,0.0,0.0,0.0,0.0,0.0,0.0,0.0,0.0,0.0,0.0,0.0,0.0,0.0,0.0,1.0,1.0,1.0,0.0,0.0,0.0,0.0,0.0,0.0,0,0.0,0.0,0.0,0.0,0.0,0.0,0.0,0.0,0.0,0.0,0.0,0.0,0.0,0.0,0.0,0.0,0.0,0.0,0.0,0.0,0.0,0.0,0.0,,0.0,0.0,,,,0.0,0.0,0.0,0.0,0.0,0.0,0.0,0.0,0.0,"[36101, 0, 1152]",0.0,0.0,1.6216188669204712e-05,0.0,0.0,0.0,0.0,0.0,0.0,0.0,0.0,0.0,0.0,0.0,0.0,0.0,0.0,0.0,0.0,0.0,0.0,0.0,0.0,0.0,0.0,0.0,0.0,0.0,0.0,0.0,0.0,0.0,0.0,0.0,1.0,0.0,0.0,0.0,0.0,0.0,0.0,0.0,0.0,0.0,0.0,0.0,0.0,0.0,0.0,0.0,0.0,0.0,0.0,0.0,0.0,True,65,,,,,,,,,,,,,
8,0,0,8,False,0.1,0.0,0,230,45.0,0.34897205233573914,0.3240650534629822,0.6519802451133728,0.32399469912052153,0.0,0.0,0.0,0.0,0.0,0.0,0.3494991958141327,0.33557748794555664,0.6408652901649475,0.3236687958240509,0.48851656913757324,0.9997401833534241,0.0,0.21914799511432648,0.10101009905338287,0.0,0.0,0.0,0.0,0.0,0.0,0.0,0.0,0.0,0.0,0.0,0.0,0.0,0.0,0.0,0.0,0.0,892,1129,1.0,1.0,1.0,0.0,0.0,0.0,0.0,0.0,1.0,0.0,0.0,0.0,0.0,0.0,0.0,1.0,0.0,0.0,0.0,0.0,0.0,0.0,0.0,0.0,0.5413376688957214,1.0,1.0,1.0,0.0,0.0,0.0,0.0,0.0,0.0,0.0,0.0,0.0,0.0,0.0,0.0,0.0,0.0,0.0,0.0,0.0,0.0,0.0,0.0,0.0,0.0,0.0,0.0,0.0,0.0,0.0,0.0,0.0,0.0,0.0,0.0,0.0,0.0,0.0,0.0,0.0,0.0,0.0,0.0,0.0,0.0,0.0,0.0,0.0,0.0,0.0,0.0,1.0,0.0,0.0,0.0,0.0,0.0,0.0,0.0,0.0,0.0,0.0,0.0,0.0,0.0,0.0,0.0,0.0,quantile,quantile,0.0,0.0,0.0,0.0,0.0,0.0,0.0,0.0,0.0,0.0,0.0,0.0,0.0,0.0,230.0,0.0,1.0,0.0,1.0,1.0,1.0,0.0,1.0,1.0,1.0,0.0,1.0,1.0,1.0,0.0,0.0,0.0,0.0,0.0,0.0,0.0,0.0,0.0,0.0,0.0,0.0,0.0,0.0,0.0,0.0,0.0,0.0,1.0,1.0,1.0,0.0,0.0,0.0,0.0,0.0,0.0,0,0.0,0.0,0.0,0.0,0.0,0.0,0.0,0.0,0.0,0.0,0.0,0.0,0.0,0.0,0.0,0.0,0.0,0.0,0.0,0.0,0.0,0.0,0.0,,0.0,0.0,,,,0.0,0.0,0.0,0.0,0.0,0.0,0.0,0.0,0.0,"[36101, 0, 1129]",0.0,0.0,3.361329436302185e-05,0.0,0.0,0.0,0.0,0.0,0.0,0.0,0.0,0.0,0.0,0.0,0.0,0.0,0.0,0.0,0.0,0.0,0.0,0.0,0.0,0.0,0.0,0.0,0.0,0.0,0.0,0.0,0.0,0.0,0.0,0.0,1.0,0.0,0.0,0.0,0.0,0.0,0.0,0.0,0.0,0.0,0.0,0.0,0.0,0.0,0.0,0.0,0.0,0.0,0.0,0.0,0.0,True,80,,,,,,,,,,,,,
9,0,0,9,False,0.1,0.0,0,230,30.0,0.37322086095809937,0.31094034761190414,0.6746873378753662,0.33602001070976256,0.0,0.0,0.0,0.0,0.0,0.0,0.3605693280696869,0.3431584477424622,0.654614269733429,0.3281080901622772,0.49341872334480286,0.9998036623001099,0.0,0.22002634406089783,0.10101009905338287,0.0,0.0,0.0,0.0,0.0,0.0,0.0,0.0,0.0,0.0,0.0,0.0,0.0,0.0,0.0,0.0,0.0,919,1186,1.0,1.0,1.0,0.0,0.0,0.0,0.0,0.0,1.0,0.0,0.0,0.0,0.0,0.0,0.0,1.0,0.0,0.0,0.0,0.0,0.0,0.0,0.0,0.0,0.5639055371284485,1.0,1.0,1.0,0.0,0.0,0.0,0.0,0.0,0.0,0.0,0.0,0.0,0.0,0.0,0.0,0.0,0.0,0.0,0.0,0.0,0.0,0.0,0.0,0.0,0.0,0.0,0.0,0.0,0.0,0.0,0.0,0.0,0.0,0.0,0.0,0.0,0.0,0.0,0.0,0.0,0.0,0.0,0.0,0.0,0.0,0.0,0.0,0.0,0.0,0.0,0.0,1.0,0.0,0.0,0.0,0.0,0.0,0.0,0.0,0.0,0.0,0.0,0.0,0.0,0.0,0.0,0.0,0.0,quantile,quantile,0.0,0.0,0.0,0.0,0.0,0.0,0.0,0.0,0.0,0.0,0.0,0.0,0.0,0.0,230.0,0.0,1.0,0.0,1.0,1.0,1.0,0.0,1.0,1.0,1.0,0.0,1.0,1.0,1.0,0.0,0.0,0.0,0.0,0.0,0.0,0.0,0.0,0.0,0.0,0.0,0.0,0.0,0.0,0.0,0.0,0.0,0.0,1.0,1.0,1.0,0.0,0.0,0.0,0.0,0.0,0.0,0,0.0,0.0,0.0,0.0,0.0,0.0,0.0,0.0,0.0,0.0,0.0,0.0,0.0,0.0,0.0,0.0,0.0,0.0,0.0,0.0,0.0,0.0,0.0,,0.0,0.0,,,,0.0,0.0,0.0,0.0,0.0,0.0,0.0,0.0,0.0,"[36101, 0, 1186]",0.0,0.0,3.831833600997925e-05,0.0,0.0,0.0,0.0,0.0,0.0,0.0,0.0,0.0,0.0,0.0,0.0,0.0,0.0,0.0,0.0,0.0,0.0,0.0,0.0,0.0,0.0,0.0,0.0,0.0,0.0,0.0,0.0,0.0,0.0,0.0,1.0,0.0,0.0,0.0,0.0,0.0,0.0,0.0,0.0,0.0,0.0,0.0,0.0,0.0,0.0,0.0,0.0,0.0,0.0,0.0,0.0,True,65,,,,,,,,,,,,,
