node_id,label,ce_no_prompt,ce_prompt,delta_ce,benefited,primary_prompt_slot,acceptance_gate,structural_score
7,4,1.2159614562988281,1.215962529182434,-1.0728836059570312e-06,False,6,0.41301560401916504,0.17106817662715912
33,1,1.4907621145248413,1.4907610416412354,1.0728836059570312e-06,True,6,0.46279361844062805,0.2487974315881729
49,2,1.1260759830474854,1.1260759830474854,0.0,False,6,0.33861780166625977,0.364493727684021
52,0,1.9795935153961182,1.9795935153961182,0.0,False,6,0.3522430956363678,0.33059802651405334
74,3,0.9570377469062805,0.9570373892784119,3.5762786865234375e-07,True,6,0.42524364590644836,0.30209746956825256
104,2,1.4951766729354858,1.4951767921447754,-1.1920928955078125e-07,False,6,0.4257037341594696,0.2569773495197296
115,4,1.11776602268219,1.11776602268219,0.0,False,6,0.3488380014896393,0.2851008474826813
132,4,1.2425600290298462,1.2425613403320312,-1.3113021850585938e-06,False,6,0.413463294506073,0.2112942785024643
176,2,1.4596810340881348,1.4596810340881348,0.0,False,6,0.37590599060058594,0.16897816956043243
180,4,1.4826732873916626,1.4826732873916626,0.0,False,7,0.29719915986061096,0.674892246723175
213,0,1.694033145904541,1.694033145904541,0.0,False,6,0.3829578757286072,0.2744486629962921
221,4,1.2133398056030273,1.2133398056030273,0.0,False,6,0.3804231286048889,0.11997523158788681
228,4,1.1708872318267822,1.1708883047103882,-1.0728836059570312e-06,False,6,0.4174485504627228,0.36152175068855286
230,3,1.0858113765716553,1.0858112573623657,1.1920928955078125e-07,True,6,0.5788624882698059,0.5694985389709473
248,0,2.0907790660858154,2.0907790660858154,0.0,False,6,0.42504727840423584,0.3764651119709015
315,3,1.1668174266815186,1.1668174266815186,0.0,False,6,0.2919141352176666,0.6666666865348816
325,2,1.4783885478973389,1.4783885478973389,0.0,False,6,0.36169418692588806,0.16740202903747559
328,4,1.2960991859436035,1.296099066734314,1.1920928955078125e-07,True,6,0.37998417019844055,0.28566789627075195
400,3,1.518872857093811,1.5188723802566528,4.76837158203125e-07,True,6,0.4787902534008026,0.42124828696250916
458,3,0.5408585071563721,0.5408585071563721,0.0,False,7,0.2775411009788513,0.6666666865348816
462,0,2.2698493003845215,2.2698493003845215,0.0,False,6,0.3590885102748871,0.19970566034317017
483,2,1.533424735069275,1.533424735069275,0.0,False,6,0.3722057640552521,0.3407396376132965
492,2,1.3702268600463867,1.3702268600463867,0.0,False,6,0.3943369388580322,0.30153873562812805
506,4,1.1647332906723022,1.1647342443466187,-9.5367431640625e-07,False,6,0.41006192564964294,0.21608614921569824
509,4,1.389487624168396,1.389487624168396,0.0,False,6,0.37609073519706726,0.28331583738327026
536,1,1.1362812519073486,1.1362801790237427,1.0728836059570312e-06,True,6,0.4581643342971802,0.1754847764968872
582,4,0.9210025072097778,0.9210025072097778,0.0,False,6,0.29924479126930237,0.6666666865348816
592,2,1.4424238204956055,1.442423939704895,-1.1920928955078125e-07,False,6,0.43294084072113037,0.17495828866958618
620,2,1.2729195356369019,1.2729195356369019,0.0,False,6,0.37328433990478516,0.6057965755462646
631,3,1.8586775064468384,1.8586775064468384,0.0,False,6,0.3122532367706299,0.6555004715919495
638,1,1.1900911331176758,1.1900911331176758,0.0,False,6,0.3103892207145691,0.6666666865348816
640,4,1.05096435546875,1.05096435546875,0.0,False,6,0.286955326795578,0.6666666865348816
641,0,2.121480703353882,2.121480703353882,0.0,False,6,0.37003880739212036,0.17679983377456665
642,4,1.3126606941223145,1.312660813331604,-1.1920928955078125e-07,False,6,0.3807939887046814,0.32303130626678467
703,0,1.7292665243148804,1.7292665243148804,0.0,False,6,0.3177880644798279,0.6666666865348816
737,2,1.557373285293579,1.5573737621307373,-4.76837158203125e-07,False,6,0.4094078242778778,0.7763801217079163
757,2,1.4563111066818237,1.4563111066818237,0.0,False,6,0.2777356207370758,0.6666666865348816
764,1,1.432645559310913,1.4326443672180176,1.1920928955078125e-06,True,6,0.42113569378852844,0.18921196460723877
804,4,1.040814995765686,1.040814995765686,0.0,False,6,0.34258559346199036,0.1830032616853714
827,4,1.4780865907669067,1.4780865907669067,0.0,False,6,0.365430623292923,0.27839019894599915
843,2,1.5674920082092285,1.5674920082092285,0.0,False,6,0.39223796129226685,0.21811871230602264
845,4,0.9132412075996399,0.9132412075996399,0.0,False,6,0.3520355820655823,0.48285433650016785
852,0,1.7202507257461548,1.7202507257461548,0.0,False,6,0.32935789227485657,0.2849723696708679
903,4,1.2624027729034424,1.2624027729034424,0.0,False,6,0.37350282073020935,0.302763968706131
906,1,1.1071245670318604,1.1071234941482544,1.0728836059570312e-06,True,6,0.7902814149856567,0.5359394550323486
939,0,1.9022936820983887,1.9022936820983887,0.0,False,6,0.36509203910827637,0.1916608363389969
953,2,0.9103435277938843,0.9103435277938843,0.0,False,6,0.30084726214408875,0.6666666865348816
967,3,1.4192209243774414,1.4192203283309937,5.960464477539062e-07,True,6,0.40131914615631104,0.12580983340740204
982,0,1.2437989711761475,1.2437989711761475,0.0,False,6,0.3380761444568634,0.6666666865348816
987,2,1.174429178237915,1.174429178237915,0.0,False,6,0.30481481552124023,0.6666666865348816
1043,0,1.7377277612686157,1.7377278804779053,-1.1920928955078125e-07,False,6,0.40008744597435,0.541059672832489
1058,1,1.67197585105896,1.6719746589660645,1.1920928955078125e-06,True,6,0.4552476406097412,0.2861221432685852
1063,1,1.0442990064620972,1.0442980527877808,9.5367431640625e-07,True,6,0.7016615271568298,0.2533997595310211
1073,4,1.3910514116287231,1.3910528421401978,-1.430511474609375e-06,False,6,0.4048912525177002,0.27926379442214966
1079,4,0.9067780375480652,0.9067780375480652,0.0,False,6,0.2898406684398651,0.6666666865348816
1089,4,1.2106314897537231,1.2106314897537231,0.0,False,6,0.37386801838874817,0.4155218303203583
1100,4,1.083891749382019,1.083891749382019,0.0,False,6,0.28677043318748474,0.6666666865348816
1120,1,1.1599711179733276,1.1599711179733276,0.0,False,6,0.32881951332092285,0.6666666865348816
1122,0,1.9155499935150146,1.9155499935150146,0.0,False,6,0.41906967759132385,0.09577874094247818
1130,3,1.0955536365509033,1.0955536365509033,0.0,False,6,0.2917465269565582,0.6666666865348816
1173,3,1.46262526512146,1.46262526512146,0.0,False,6,0.39502623677253723,0.11475938558578491
1176,0,1.725107192993164,1.725107192993164,0.0,False,6,0.4135160446166992,0.3074531555175781
1206,4,1.0774613618850708,1.0774614810943604,-1.1920928955078125e-07,False,6,0.36228254437446594,0.2762516438961029
1236,4,1.2421071529388428,1.2421071529388428,0.0,False,6,0.3388947546482086,0.600303590297699
1255,0,1.8572502136230469,1.8572502136230469,0.0,False,7,0.30679479241371155,0.6157422065734863
1363,2,1.311852216720581,1.311852216720581,0.0,False,6,0.37273961305618286,0.23874914646148682
1371,3,0.7922491431236267,0.7922487258911133,4.172325134277344e-07,True,6,0.4284595549106598,0.3698117434978485
1374,4,1.1369178295135498,1.1369178295135498,0.0,False,6,0.3677786886692047,0.4996114671230316
1378,4,1.3450863361358643,1.3450863361358643,0.0,False,6,0.3806789517402649,0.4166085720062256
1386,1,1.5285093784332275,1.5285083055496216,1.0728836059570312e-06,True,6,0.4291793704032898,0.2851701080799103
1409,3,1.2615286111831665,1.2615281343460083,4.76837158203125e-07,True,6,0.5074008703231812,0.6355972290039062
1419,4,0.8509230017662048,0.8509230017662048,0.0,False,6,0.3073809742927551,0.6666666865348816
1423,2,1.4864771366119385,1.4864771366119385,0.0,False,6,0.4526798725128174,0.35529613494873047
1476,0,2.0026168823242188,2.002617359161377,-4.76837158203125e-07,False,6,0.50083988904953,0.4370955526828766
1518,3,1.554805874824524,1.554805874824524,0.0,False,6,0.3767991065979004,0.30244407057762146
1531,4,0.29973888397216797,0.29973888397216797,0.0,False,6,0.2859414219856262,0.6666666865348816
1532,2,1.6162134408950806,1.6162134408950806,0.0,False,6,0.4709431529045105,0.606682300567627
1552,4,0.7795535922050476,0.7795535922050476,0.0,False,6,0.29306885600090027,0.6666666865348816
1554,1,1.477072834968567,1.477072834968567,0.0,False,6,0.29491645097732544,0.6666666865348816
1571,3,1.3434667587280273,1.3434667587280273,0.0,False,6,0.39275676012039185,0.22938185930252075
1596,1,1.7196214199066162,1.7196202278137207,1.1920928955078125e-06,True,6,0.421051025390625,0.11276648193597794
1615,1,1.0426794290542603,1.0426785945892334,8.344650268554688e-07,True,6,0.5558739900588989,0.47619983553886414
1649,1,1.3909097909927368,1.3909088373184204,9.5367431640625e-07,True,6,0.4214760661125183,0.2176588624715805
1662,1,1.306524395942688,1.3065235614776611,8.344650268554688e-07,True,6,0.5048314929008484,0.25375089049339294
1664,3,1.4258893728256226,1.4258893728256226,0.0,False,6,0.37631338834762573,0.5626797676086426
1669,2,1.3150019645690918,1.3150019645690918,0.0,False,6,0.31630101799964905,0.4297001361846924
1690,3,0.8756318688392639,0.8756318688392639,0.0,False,6,0.31027570366859436,0.6666666865348816
1698,3,1.0759599208831787,1.0759599208831787,0.0,False,6,0.29213643074035645,0.6666666865348816
1704,2,1.5148605108261108,1.5148605108261108,0.0,False,6,0.35092994570732117,0.4587547779083252
1709,4,1.5060280561447144,1.5060280561447144,0.0,False,6,0.38868018984794617,0.21508584916591644
1798,2,0.7701441049575806,0.7701441049575806,0.0,False,7,0.3245311379432678,0.6666666865348816
1800,1,1.2759867906570435,1.2759857177734375,1.0728836059570312e-06,True,6,0.4604450464248657,0.5211374163627625
1915,2,1.687614917755127,1.6876152753829956,-3.5762786865234375e-07,False,6,0.41995686292648315,0.29470279812812805
1929,3,0.9242066740989685,0.9242066740989685,0.0,False,6,0.38105010986328125,0.4858316481113434
1958,4,0.8597634434700012,0.8597634434700012,0.0,False,6,0.28453218936920166,0.6666666865348816
1985,2,1.6430373191833496,1.6430373191833496,0.0,False,6,0.3612990975379944,0.1692417860031128
1988,3,1.36810302734375,1.36810302734375,0.0,False,6,0.37386253476142883,0.17719382047653198
1994,1,1.6253803968429565,1.6253793239593506,1.0728836059570312e-06,True,6,0.6330149173736572,0.4859424829483032
2003,3,1.4372869729995728,1.437286615371704,3.5762786865234375e-07,True,6,0.46304845809936523,0.09832770377397537
2016,3,1.3992904424667358,1.3992904424667358,0.0,False,6,0.27181127667427063,0.6666666865348816
2028,0,1.7668516635894775,1.7668516635894775,0.0,False,7,0.30177608132362366,0.6666666865348816
2042,0,1.662712812423706,1.662712812423706,0.0,False,6,0.3151887357234955,0.6129897236824036
2091,1,0.5671037435531616,0.5671037435531616,0.0,False,6,0.35219117999076843,0.6666666865348816
2118,4,0.9216005206108093,0.9216005206108093,0.0,False,6,0.29855841398239136,0.6666666865348816
2152,3,1.3364951610565186,1.3364944458007812,7.152557373046875e-07,True,6,0.42866459488868713,0.26987382769584656
2191,1,1.6286677122116089,1.6286677122116089,0.0,False,6,0.3266333043575287,0.36998820304870605
2202,2,1.591700792312622,1.591700792312622,0.0,False,6,0.36710992455482483,0.21989166736602783
2220,2,1.2761893272399902,1.2761893272399902,0.0,False,6,0.2853870689868927,0.6666666865348816
2247,4,0.7364376783370972,0.7364376783370972,0.0,False,6,0.32642871141433716,0.47535422444343567
2271,4,0.6191279292106628,0.6191279292106628,0.0,False,6,0.27723243832588196,0.6666666865348816
2273,4,1.3090660572052002,1.3090673685073853,-1.3113021850585938e-06,False,7,0.42395612597465515,0.378562331199646
2288,3,0.915168285369873,0.915168285369873,0.0,False,7,0.28737398982048035,0.6666666865348816
2297,2,1.4134567975997925,1.4134567975997925,0.0,False,6,0.35705769062042236,0.3793356120586395
2321,3,1.167371392250061,1.1673710346221924,3.5762786865234375e-07,True,6,0.4251100420951843,0.28322044014930725
2335,3,1.375572681427002,1.375572681427002,0.0,False,6,0.39677104353904724,0.26231110095977783
2337,4,0.8761538863182068,0.8761538863182068,0.0,False,6,0.2878481149673462,0.6666666865348816
2342,4,1.654334306716919,1.6543354988098145,-1.1920928955078125e-06,False,6,0.48036497831344604,0.34005579352378845
2348,4,1.2454854249954224,1.2454854249954224,0.0,False,6,0.3960827589035034,0.29609066247940063
2359,3,1.3487608432769775,1.3487604856491089,3.5762786865234375e-07,True,6,0.40674862265586853,0.08135592937469482
2383,4,1.4230901002883911,1.4230912923812866,-1.1920928955078125e-06,False,6,0.4117986261844635,0.22874367237091064
2404,2,0.9866232872009277,0.9866232872009277,0.0,False,6,0.28480222821235657,0.6666666865348816
2417,3,1.1943235397338867,1.1943235397338867,0.0,False,6,0.28706684708595276,0.6666666865348816
2419,3,1.3314483165740967,1.331447958946228,3.5762786865234375e-07,True,6,0.40074336528778076,0.3054918348789215
2442,4,1.2362229824066162,1.2362240552902222,-1.0728836059570312e-06,False,6,0.40785646438598633,0.19527046382427216
2508,1,1.5896937847137451,1.5896928310394287,9.5367431640625e-07,True,6,0.41149961948394775,0.10185224562883377
2509,4,1.0291845798492432,1.0291845798492432,0.0,False,6,0.308236688375473,0.6666666865348816
2517,1,1.6444480419158936,1.6444469690322876,1.0728836059570312e-06,True,6,0.40021204948425293,0.34191152453422546
2524,2,1.6414122581481934,1.641412377357483,-1.1920928955078125e-07,False,6,0.3838782012462616,0.22919659316539764
2540,2,1.5875145196914673,1.5875147581100464,-2.384185791015625e-07,False,6,0.4329904615879059,0.1328597217798233
2569,3,1.440995454788208,1.440995454788208,0.0,False,6,0.3972899615764618,0.1828608512878418
2613,3,1.4444043636322021,1.4444040060043335,3.5762786865234375e-07,True,6,0.430067241191864,0.07368319481611252
2626,2,1.5268735885620117,1.5268735885620117,0.0,False,6,0.33030423521995544,0.6666666865348816
2637,3,1.4810421466827393,1.481041669845581,4.76837158203125e-07,True,6,0.4388508200645447,0.10927530378103256
2660,4,0.7969282865524292,0.7969282865524292,0.0,False,6,0.31422364711761475,0.6666666865348816
2686,3,1.0942261219024658,1.0942261219024658,0.0,False,6,0.2947617769241333,0.6666666865348816
2706,0,2.267080307006836,2.267080068588257,2.384185791015625e-07,True,6,0.5236329436302185,0.23720896244049072
2718,3,1.1487517356872559,1.1487517356872559,0.0,False,6,0.3487122654914856,0.25668424367904663
2732,0,1.92708158493042,1.9270817041397095,-1.1920928955078125e-07,False,6,0.4110267162322998,0.2831898331642151
2746,1,0.9875546097755432,0.9875546097755432,0.0,False,6,0.2981891930103302,0.6666666865348816
2755,3,1.2591700553894043,1.2591700553894043,0.0,False,7,0.29076260328292847,0.6666666865348816
2782,3,1.2220302820205688,1.222029685974121,5.960464477539062e-07,True,6,0.4916823208332062,0.18652980029582977
2833,2,1.2081072330474854,1.2081072330474854,0.0,False,6,0.31319352984428406,0.6666666865348816
2835,3,1.245564341545105,1.245564341545105,0.0,False,6,0.32886484265327454,0.6666666865348816
2848,0,1.657153844833374,1.6571540832519531,-2.384185791015625e-07,False,6,0.44662436842918396,0.7206742167472839
2849,0,1.6966009140014648,1.6966009140014648,0.0,False,6,0.36486461758613586,0.6666666865348816
2893,4,0.944907546043396,0.944907546043396,0.0,False,6,0.28287509083747864,0.6666666865348816
2901,1,1.5253907442092896,1.5253899097442627,8.344650268554688e-07,True,6,0.4288778603076935,0.24046359956264496
2910,3,1.0348392724990845,1.0348392724990845,0.0,False,7,0.2776273787021637,0.6666666865348816
2920,3,1.1722712516784668,1.1722708940505981,3.5762786865234375e-07,True,6,0.4050332009792328,0.23401308059692383
2943,4,1.3154399394989014,1.3154399394989014,0.0,False,6,0.35580548644065857,0.4281998574733734
2987,4,1.2090011835098267,1.2090011835098267,0.0,False,6,0.39452749490737915,0.3546035587787628
3095,4,1.3236480951309204,1.323649287223816,-1.1920928955078125e-06,False,6,0.41520002484321594,0.19344837963581085
3127,3,1.014124870300293,1.0141243934631348,4.76837158203125e-07,True,6,0.5023337006568909,1.1920928955078125e-07
3201,2,1.4787989854812622,1.4787989854812622,0.0,False,7,0.27862977981567383,0.6666666865348816
3203,2,1.1364307403564453,1.1364307403564453,0.0,False,6,0.3045486807823181,0.4772384464740753
3206,4,0.962617039680481,0.962617039680481,0.0,False,6,0.3560795187950134,0.2250949889421463
3212,4,1.2116141319274902,1.2116141319274902,0.0,False,7,0.28057587146759033,0.6666666865348816
3217,0,1.7461793422698975,1.7461793422698975,0.0,False,6,0.34912654757499695,0.47723737359046936
3219,4,1.2795559167861938,1.2795559167861938,0.0,False,6,0.3664632737636566,0.28917500376701355
3232,3,1.1276484727859497,1.127647876739502,5.960464477539062e-07,True,6,0.4234309196472168,0.6666666865348816
3241,1,1.3465452194213867,1.3465445041656494,7.152557373046875e-07,True,6,0.43572983145713806,0.24315495789051056
3264,3,1.1276484727859497,1.127647876739502,5.960464477539062e-07,True,6,0.4234309196472168,0.6666666865348816
3285,4,0.8186769485473633,0.8186769485473633,0.0,False,6,0.28753697872161865,0.6666666865348816
3293,0,1.5802024602890015,1.5802024602890015,0.0,False,6,0.3694511950016022,0.40174534916877747
3366,2,1.1899850368499756,1.1899850368499756,0.0,False,6,0.29122394323349,0.6666666865348816
3396,2,1.5576602220535278,1.5576602220535278,0.0,False,6,0.37760820984840393,0.3233894407749176
3398,3,1.2045440673828125,1.2045440673828125,0.0,False,6,0.2873418927192688,0.6666666865348816
3452,1,1.3660227060317993,1.3660227060317993,0.0,False,6,0.30410414934158325,0.6666666865348816
3467,4,1.081871747970581,1.081871747970581,0.0,False,6,0.3047005236148834,0.6666666865348816
3475,1,1.2380257844924927,1.2380247116088867,1.0728836059570312e-06,True,6,0.4516504108905792,0.35470518469810486
3479,4,1.0185654163360596,1.0185654163360596,0.0,False,6,0.2956501543521881,0.6666666865348816
3486,2,1.4118845462799072,1.4118845462799072,0.0,False,6,0.28401410579681396,0.6666666865348816
3500,3,1.4854061603546143,1.4854055643081665,5.960464477539062e-07,True,6,0.41455140709877014,0.05398188903927803
3542,2,1.4745919704437256,1.4745919704437256,0.0,False,6,0.3086046874523163,0.6666666865348816
3543,0,2.486645221710205,2.486645221710205,0.0,False,6,0.44267037510871887,0.21712477505207062
3558,2,1.621394157409668,1.621394157409668,0.0,False,6,0.3809519112110138,0.3851824998855591
3593,2,1.634201169013977,1.6342015266418457,-3.5762786865234375e-07,False,6,0.45716986060142517,0.4897822439670563
3610,2,1.3746914863586426,1.3746914863586426,0.0,False,6,0.35660746693611145,0.557932436466217
3627,3,0.8102420568466187,0.8102416396141052,4.172325134277344e-07,True,6,0.4249706566333771,0.5127388834953308
3655,3,0.9857786297798157,0.9857786297798157,0.0,False,6,0.302523672580719,0.6666666865348816
3671,1,1.3366219997406006,1.3366219997406006,0.0,False,6,0.3708288073539734,0.19823314249515533
3679,3,0.6652026176452637,0.6652024984359741,1.1920928955078125e-07,True,6,0.44974979758262634,0.6071431040763855
3705,3,1.2828012704849243,1.2828012704849243,0.0,False,6,0.3720618784427643,0.23406915366649628
3724,1,1.5726454257965088,1.5726442337036133,1.1920928955078125e-06,True,6,0.4333893656730652,0.5326816439628601
3733,1,1.4821172952651978,1.4821163415908813,9.5367431640625e-07,True,6,0.4668707847595215,0.20993219316005707
3747,4,0.7288250923156738,0.7288250923156738,0.0,False,6,0.30079585313796997,0.6666666865348816
3775,4,1.5390255451202393,1.5390267372131348,-1.1920928955078125e-06,False,6,0.40216442942619324,0.1038983166217804
3788,2,1.502802848815918,1.502802848815918,0.0,False,6,0.360474556684494,0.24218745529651642
3806,1,1.756913661956787,1.756913661956787,0.0,False,6,0.29744699597358704,0.6666666865348816
3818,0,1.8277206420898438,1.8277206420898438,0.0,False,6,0.3912791311740875,0.4926786720752716
3821,3,0.9299405217170715,0.9299404621124268,5.960464477539063e-08,True,6,0.4474414885044098,0.4725075662136078
3826,1,1.4895730018615723,1.4895730018615723,0.0,False,6,0.3174956738948822,0.6666666865348816
3894,2,1.2530450820922852,1.2530450820922852,0.0,False,6,0.2948101758956909,0.6666666865348816
3918,2,1.3884268999099731,1.3884268999099731,0.0,False,6,0.375251442193985,0.21916727721691132
3929,0,1.684288740158081,1.684288740158081,0.0,False,6,0.3068709969520569,0.387810617685318
3952,4,0.8798755407333374,0.8798765540122986,-1.0132789611816406e-06,False,6,0.40231508016586304,0.25931596755981445
3982,2,1.5061438083648682,1.5061438083648682,0.0,False,6,0.39500659704208374,0.27848243713378906
3987,2,1.2340456247329712,1.2340456247329712,0.0,False,6,0.3113292455673218,0.6666666865348816
3994,1,1.0830869674682617,1.0830869674682617,0.0,False,6,0.31893274188041687,0.6666666865348816
4000,4,0.7983858585357666,0.7983858585357666,0.0,False,6,0.2849937975406647,0.6666666865348816
4008,1,1.0622179508209229,1.0622179508209229,0.0,False,6,0.3534714877605438,0.6666666865348816
4015,3,1.3791303634643555,1.3791300058364868,3.5762786865234375e-07,True,6,0.4031350612640381,0.3669112026691437
4017,3,1.2129840850830078,1.2129840850830078,0.0,False,6,0.2965531647205353,0.6666666865348816
4026,3,1.662740707397461,1.6627402305603027,4.76837158203125e-07,True,6,0.4055488705635071,0.584712028503418
4055,1,1.500875473022461,1.500875473022461,0.0,False,6,0.3407110571861267,0.3454393446445465
4075,1,1.690287709236145,1.69028639793396,1.3113021850585938e-06,True,6,0.4070543944835663,0.1386340707540512
4076,3,1.0112196207046509,1.0112192630767822,3.5762786865234375e-07,True,6,0.40160077810287476,0.2228882759809494
4093,0,1.7800692319869995,1.7800692319869995,0.0,False,6,0.35208019614219666,0.3972846269607544
4096,3,1.0991004705429077,1.0991004705429077,0.0,False,7,0.29245924949645996,0.6666666865348816
4149,2,1.3772716522216797,1.3772716522216797,0.0,False,6,0.3546140491962433,0.21824590861797333
4156,3,1.4522196054458618,1.4522196054458618,0.0,False,6,0.36447298526763916,0.27828526496887207
4190,2,1.5198827981948853,1.5198829174041748,-1.1920928955078125e-07,False,6,0.5241238474845886,0.20743350684642792
4196,2,1.2449067831039429,1.2449067831039429,0.0,False,6,0.29994627833366394,0.6666666865348816
4207,2,1.41266667842865,1.41266667842865,0.0,False,6,0.31945306062698364,0.3043067157268524
4215,1,1.827370047569275,1.827370047569275,0.0,False,6,0.3232918083667755,0.8281615376472473
4230,1,0.9952952265739441,0.9952952265739441,0.0,False,7,0.30515339970588684,0.6666666865348816
4282,1,1.5990087985992432,1.5990077257156372,1.0728836059570312e-06,True,6,0.39862892031669617,0.21140162646770477
4335,4,1.5543413162231445,1.55434250831604,-1.1920928955078125e-06,False,6,0.4064025580883026,0.505713164806366
4358,1,1.4178147315979004,1.4178136587142944,1.0728836059570312e-06,True,6,0.47317349910736084,0.1617729514837265
4425,0,2.1975626945495605,2.1975626945495605,0.0,False,7,0.2949616312980652,0.6666666865348816
4428,3,1.1553648710250854,1.1553646326065063,2.384185791015625e-07,True,6,0.4463270604610443,0.163937047123909
4446,1,1.2301104068756104,1.2301104068756104,0.0,False,6,0.31328192353248596,0.6666666865348816
4470,2,1.5737823247909546,1.5737825632095337,-2.384185791015625e-07,False,6,0.48316842317581177,0.1896003633737564
4525,1,1.2140475511550903,1.2140464782714844,1.0728836059570312e-06,True,6,0.5738945603370667,0.31266286969184875
4532,1,0.8776013255119324,0.8776006698608398,6.556510925292969e-07,True,6,0.6461289525032043,0.25880709290504456
4541,1,1.202994704246521,1.202993631362915,1.0728836059570312e-06,True,6,0.4638420641422272,0.27377787232398987
4542,4,1.0716625452041626,1.0716625452041626,0.0,False,6,0.2923906743526459,0.6666666865348816
4545,3,1.2370058298110962,1.2370058298110962,0.0,False,6,0.29279667139053345,0.6666666865348816
4560,3,1.3330286741256714,1.3330283164978027,3.5762786865234375e-07,True,6,0.49460986256599426,0.6194233894348145
4567,1,1.602965235710144,1.602965235710144,0.0,False,6,0.3872687816619873,0.16900686919689178
4571,0,1.863187551498413,1.863187551498413,0.0,False,6,0.4298279881477356,0.12229420989751816
4594,2,1.1672558784484863,1.1672558784484863,0.0,False,6,0.2796384394168854,0.6666666865348816
4601,0,1.840194821357727,1.8401949405670166,-1.1920928955078125e-07,False,6,0.4887429475784302,0.36200299859046936
4631,4,1.580764651298523,1.580764651298523,0.0,False,7,0.285587877035141,0.6666666865348816
4640,3,1.25739324092865,1.2573930025100708,2.384185791015625e-07,True,6,0.47013166546821594,0.184805229306221
4654,0,1.8728761672973633,1.8728762865066528,-1.1920928955078125e-07,False,6,0.426315039396286,0.26621901988983154
4668,2,1.4044023752212524,1.4044023752212524,0.0,False,6,0.3326251208782196,0.19400076568126678
4702,1,1.6140847206115723,1.6140836477279663,1.0728836059570312e-06,True,6,0.4207974076271057,0.15858761966228485
4715,1,1.455243706703186,1.455243706703186,0.0,False,6,0.3951292634010315,0.18293650448322296
4729,4,1.3220698833465576,1.3220698833465576,0.0,False,6,0.39172494411468506,0.15804392099380493
4733,1,1.4846885204315186,1.4846885204315186,0.0,False,6,0.38050779700279236,0.21270163357257843
4823,3,1.1792553663253784,1.1792553663253784,0.0,False,6,0.38050633668899536,0.23636071383953094
4826,1,1.5338304042816162,1.5338293313980103,1.0728836059570312e-06,True,6,0.3990303575992584,0.1861499547958374
4856,2,1.4811105728149414,1.4811105728149414,0.0,False,6,0.3907982409000397,0.3324514329433441
4914,4,0.9509028196334839,0.9509028196334839,0.0,False,6,0.2950000464916229,0.6666666865348816
4915,3,1.4609782695770264,1.4609777927398682,4.76837158203125e-07,True,6,0.4594738781452179,0.20404057204723358
4922,4,0.793678343296051,0.7936784029006958,-5.960464477539063e-08,False,6,0.3662538230419159,0.1827349215745926
4979,4,0.5451124310493469,0.5451124310493469,0.0,False,6,0.30733156204223633,0.45146414637565613
5033,1,1.4656528234481812,1.4656528234481812,0.0,False,6,0.3071596026420593,0.6666666865348816
5061,3,1.1701253652572632,1.1701253652572632,0.0,False,6,0.3596198558807373,0.17514920234680176
5113,2,1.2836841344833374,1.2836841344833374,0.0,False,6,0.29737988114356995,0.6666666865348816
5117,4,0.585961639881134,0.585961639881134,0.0,False,6,0.34741002321243286,0.3619590699672699
5124,2,1.1315367221832275,1.1315367221832275,0.0,False,6,0.3630218803882599,0.7496675848960876
5130,2,1.5388151407241821,1.5388152599334717,-1.1920928955078125e-07,False,6,0.43141165375709534,0.23374253511428833
5157,1,1.484546184539795,1.484545111656189,1.0728836059570312e-06,True,6,0.5217859148979187,0.3170837163925171
5158,3,1.3489086627960205,1.3489083051681519,3.5762786865234375e-07,True,6,0.47435083985328674,0.31204840540885925
5189,2,1.5059144496917725,1.505914568901062,-1.1920928955078125e-07,False,6,0.41802042722702026,0.1165073812007904
5210,3,1.0318464040756226,1.0318464040756226,0.0,False,6,0.29203686118125916,0.6666666865348816
5235,4,1.1286605596542358,1.1286605596542358,0.0,False,6,0.2961136996746063,0.6666666865348816
5316,2,1.279966950416565,1.279966950416565,0.0,False,6,0.2954481244087219,0.6666666865348816
5319,3,1.2903677225112915,1.2903677225112915,0.0,False,6,0.3524537682533264,0.6607562899589539
5361,2,1.5537612438201904,1.553761601448059,-3.5762786865234375e-07,False,6,0.416141539812088,0.48977935314178467
5398,0,1.3485597372055054,1.3485597372055054,0.0,False,6,0.364479124546051,0.6666666865348816
5401,1,1.5656453371047974,1.5656442642211914,1.0728836059570312e-06,True,6,0.5567339062690735,0.6424493789672852
5415,4,1.1671119928359985,1.1671119928359985,0.0,False,7,0.28290194272994995,0.6666666865348816
5445,1,1.589653730392456,1.58965265750885,1.0728836059570312e-06,True,6,0.4226616621017456,0.5750648975372314
5460,4,0.6535941362380981,0.6535941362380981,0.0,False,6,0.27495089173316956,0.6666666865348816
5473,3,1.2658934593200684,1.2658929824829102,4.76837158203125e-07,True,6,0.4803735613822937,0.5010642409324646
5475,1,1.335561990737915,1.3355610370635986,9.5367431640625e-07,True,6,0.43140918016433716,0.11101064085960388
5511,3,1.0090445280075073,1.0090441703796387,3.5762786865234375e-07,True,6,0.4007679224014282,0.20668530464172363
5539,4,1.4318408966064453,1.43184232711792,-1.430511474609375e-06,False,6,0.45941975712776184,0.233160138130188
5553,4,0.49135154485702515,0.49135154485702515,0.0,False,6,0.28565821051597595,0.6666666865348816
5570,3,1.0446205139160156,1.044620394706726,1.1920928955078125e-07,True,6,0.4724767804145813,0.4857056140899658
5642,3,1.3726550340652466,1.3726550340652466,0.0,False,6,0.32862716913223267,0.7735406756401062
5664,3,1.174883484840393,1.1748828887939453,5.960464477539062e-07,True,6,0.4450717866420746,0.19936268031597137
5666,3,1.2023506164550781,1.2023506164550781,0.0,False,6,0.30714261531829834,0.6666666865348816
5669,2,1.5732471942901611,1.5732473134994507,-1.1920928955078125e-07,False,6,0.5648835897445679,0.3813442289829254
5678,4,1.075134515762329,1.075134515762329,0.0,False,6,0.294241338968277,0.6666666865348816
5689,2,1.215258002281189,1.215258002281189,0.0,False,6,0.3117274045944214,0.6666666865348816
5723,1,1.2955658435821533,1.2955658435821533,0.0,False,6,0.3043411672115326,0.6666666865348816
5780,4,1.3885468244552612,1.3885468244552612,0.0,False,6,0.33333104848861694,0.50450199842453
5782,1,1.0491596460342407,1.0491596460342407,0.0,False,6,0.3779161870479584,0.2803678810596466
5818,0,1.4414998292922974,1.4414998292922974,0.0,False,6,0.33056822419166565,0.5759899020195007
5835,3,1.324103593826294,1.3241028785705566,7.152557373046875e-07,True,6,0.46801435947418213,0.5387757420539856
5839,2,1.6043660640716553,1.6043660640716553,0.0,False,6,0.3953617513179779,0.19393713772296906
5903,2,1.3912818431854248,1.3912817239761353,1.1920928955078125e-07,True,6,0.43537962436676025,0.24244974553585052
5914,4,1.019294261932373,1.019294261932373,0.0,False,6,0.31244325637817383,0.3373812437057495
5937,3,1.07806396484375,1.0780636072158813,3.5762786865234375e-07,True,6,0.47442057728767395,0.42525768280029297
5981,2,1.7281999588012695,1.728200078010559,-1.1920928955078125e-07,False,6,0.37582653760910034,0.17149682343006134
5999,4,1.156722903251648,1.156722903251648,0.0,False,6,0.3264857530593872,0.30677953362464905
6030,3,0.9459691047668457,0.9459691047668457,0.0,False,6,0.32334643602371216,0.4727874994277954
6041,2,1.397233486175537,1.397233486175537,0.0,False,6,0.3731325566768646,0.2050485461950302
6060,1,1.6705018281936646,1.6705018281936646,0.0,False,6,0.396706223487854,0.19755183160305023
6070,4,1.2819496393203735,1.2819496393203735,0.0,False,6,0.38588041067123413,0.17752213776111603
6083,4,0.8040861487388611,0.8040861487388611,0.0,False,6,0.29154983162879944,0.6666666865348816
6107,2,1.5139762163162231,1.5139762163162231,0.0,False,6,0.39432579278945923,0.3901243209838867
6110,1,1.4854950904846191,1.4854940176010132,1.0728836059570312e-06,True,6,0.4519878029823303,0.16842502355575562
6136,2,1.4506394863128662,1.4506394863128662,0.0,False,6,0.3884173333644867,0.3754105865955353
6145,4,1.4161877632141113,1.4161877632141113,0.0,False,6,0.3822013735771179,0.47633495926856995
6150,3,0.8747677803039551,0.8747677803039551,0.0,False,7,0.2839638888835907,0.6666666865348816
6153,4,0.9910158514976501,0.9910158514976501,0.0,False,6,0.36513420939445496,0.28176742792129517
6165,0,1.2673084735870361,1.2673084735870361,0.0,False,6,0.3568113148212433,0.6666666865348816
6172,1,1.3916277885437012,1.3916267156600952,1.0728836059570312e-06,True,6,0.4156727194786072,0.3577744960784912
6180,2,1.6026256084442139,1.6026256084442139,0.0,False,6,0.3617955148220062,0.12769715487957
6193,2,1.6920359134674072,1.6920359134674072,0.0,False,6,0.3107515871524811,0.17750340700149536
6196,2,1.4125398397445679,1.4125401973724365,-3.5762786865234375e-07,False,6,0.4646749794483185,0.21967323124408722
6227,4,1.3688663244247437,1.3688663244247437,0.0,False,6,0.3598763346672058,0.15129218995571136
6230,1,1.4694929122924805,1.4694920778274536,8.344650268554688e-07,True,6,0.4641028940677643,0.3296230137348175
6249,4,1.0046168565750122,1.0046168565750122,0.0,False,6,0.2800281047821045,0.6666666865348816
6250,4,1.0800162553787231,1.0800162553787231,0.0,False,6,0.29304730892181396,0.6666666865348816
6260,1,1.1468970775604248,1.146896243095398,8.344650268554688e-07,True,6,0.47713109850883484,0.19059514999389648
6277,3,1.2908722162246704,1.2908722162246704,0.0,False,6,0.2877773940563202,0.6666666865348816
6278,4,1.3998128175735474,1.3998128175735474,0.0,False,7,0.3319077789783478,0.3396700918674469
6290,3,1.4867905378341675,1.4867899417877197,5.960464477539062e-07,True,6,0.4270066022872925,0.22297990322113037
6296,0,0.8630983233451843,0.8630983233451843,0.0,False,6,0.3628193438053131,0.6666666865348816
6317,2,1.5000487565994263,1.5000487565994263,0.0,False,6,0.3514653146266937,0.4409456253051758
6320,2,0.961337149143219,0.961337149143219,0.0,False,7,0.3729061186313629,0.40974459052085876
6343,3,1.0159481763839722,1.0159481763839722,0.0,False,6,0.3966349959373474,0.17033033072948456
6363,4,1.5005263090133667,1.5005276203155518,-1.3113021850585938e-06,False,6,0.421104371547699,0.400794118642807
6402,4,0.6044120788574219,0.6044120788574219,0.0,False,6,0.2804284691810608,0.6666666865348816
6449,3,1.4861273765563965,1.4861270189285278,3.5762786865234375e-07,True,6,0.429962158203125,0.319051057100296
6453,2,1.234026312828064,1.234026312828064,0.0,False,6,0.2980521023273468,0.6666666865348816
6458,4,1.402295708656311,1.402296781539917,-1.0728836059570312e-06,False,6,0.41198524832725525,0.308694988489151
6463,4,0.9760068655014038,0.976007878780365,-1.0132789611816406e-06,False,6,0.39776313304901123,0.14888425171375275
6482,1,1.508305549621582,1.508304476737976,1.0728836059570312e-06,True,6,0.45330610871315,0.2016821950674057
6489,2,1.4340159893035889,1.4340159893035889,0.0,False,6,0.36352846026420593,0.6136847138404846
6516,2,1.5218918323516846,1.5218920707702637,-2.384185791015625e-07,False,6,0.43602919578552246,0.13699094951152802
6556,2,1.1043733358383179,1.1043733358383179,0.0,False,6,0.3076893985271454,0.6666666865348816
6587,0,2.122469902038574,2.122469902038574,0.0,False,6,0.4779254198074341,0.3098237216472626
6593,4,1.131958246231079,1.131959319114685,-1.0728836059570312e-06,False,6,0.4067672789096832,0.1629418581724167
6614,4,0.5232890248298645,0.5232890248298645,0.0,False,6,0.36013200879096985,0.2407122105360031
6639,3,1.1621066331863403,1.1621066331863403,0.0,False,7,0.28916192054748535,0.6666666865348816
6669,2,1.5121526718139648,1.5121526718139648,0.0,False,6,0.32624155282974243,0.6666666865348816
6677,0,2.1820502281188965,2.1820502281188965,0.0,False,6,0.3086046874523163,0.6666666865348816
6695,2,1.5198991298675537,1.5198991298675537,0.0,False,6,0.42891284823417664,0.17259915173053741
6705,0,2.0539636611938477,2.0539636611938477,0.0,False,6,0.35282981395721436,0.37819525599479675
6712,0,1.5554507970809937,1.5554507970809937,0.0,False,6,0.37204509973526,0.5597843527793884
6812,4,1.1124660968780518,1.1124662160873413,-1.1920928955078125e-07,False,6,0.3567486107349396,0.25953614711761475
6820,3,1.2284170389175415,1.2284165620803833,4.76837158203125e-07,True,6,0.47225192189216614,0.22082917392253876
6844,0,0.8329038023948669,0.8329036831855774,1.1920928955078125e-07,True,6,0.4376870393753052,0.6666666865348816
6880,1,1.459255337715149,1.459254503250122,8.344650268554688e-07,True,6,0.5336819887161255,0.2052343338727951
6908,3,1.0021467208862305,1.0021467208862305,0.0,False,6,0.287097692489624,0.6666666865348816
6920,3,1.12109375,1.12109375,0.0,False,6,0.29372936487197876,0.6666666865348816
6922,1,1.3705400228500366,1.3705390691757202,9.5367431640625e-07,True,6,0.4350406229496002,0.14172710478305817
6923,3,0.9069899320602417,0.9069899320602417,0.0,False,6,0.37300026416778564,0.453126460313797
6964,1,0.8776013255119324,0.8776005506515503,7.748603820800781e-07,True,6,0.6149904131889343,0.2590707242488861
6994,2,1.474615454673767,1.474615454673767,0.0,False,6,0.31215593218803406,0.19414477050304413
6997,2,1.4281367063522339,1.4281367063522339,0.0,False,6,0.2875426709651947,0.2814050614833832
6998,4,1.1311168670654297,1.1311168670654297,0.0,False,6,0.39696502685546875,0.16733400523662567
7051,4,1.201259732246399,1.201259732246399,0.0,False,6,0.39288365840911865,0.22142310440540314
7055,4,1.1914575099945068,1.1914575099945068,0.0,False,7,0.2884611487388611,0.6666666865348816
7056,4,1.4140141010284424,1.414014220237732,-1.1920928955078125e-07,False,6,0.39663955569267273,0.2802077531814575
7070,3,0.7698407769203186,0.7698407769203186,0.0,False,6,0.39640453457832336,0.26092538237571716
7086,2,1.347449779510498,1.347449779510498,0.0,False,6,0.29402124881744385,0.6666666865348816
7111,4,1.3271198272705078,1.3271198272705078,0.0,False,6,0.3637230694293976,0.22928036749362946
7131,4,0.7387905716896057,0.7387905716896057,0.0,False,6,0.2890476882457733,0.6666666865348816
7147,3,0.6737765669822693,0.6737765669822693,0.0,False,7,0.2836464047431946,0.6666666865348816
7162,4,1.3839406967163086,1.3839406967163086,0.0,False,6,0.32780906558036804,0.3168121576309204
7170,3,0.7851731777191162,0.7851731777191162,0.0,False,7,0.2858661711215973,0.6666666865348816
7181,3,0.9526317715644836,0.9526317715644836,0.0,False,7,0.2839715778827667,0.6666666865348816
7191,3,1.2766352891921997,1.2766348123550415,4.76837158203125e-07,True,6,0.41603076457977295,0.15179942548274994
7202,0,1.6004198789596558,1.6004199981689453,-1.1920928955078125e-07,False,6,0.45158904790878296,0.7423070073127747
7205,1,1.5439159870147705,1.543914794921875,1.1920928955078125e-06,True,6,0.4121432602405548,0.13170385360717773
7245,0,2.0200767517089844,2.0200767517089844,0.0,False,6,0.35439926385879517,0.26285025477409363
7250,0,1.735702633857727,1.735702633857727,0.0,False,6,0.35699662566185,0.2087479680776596
7280,1,1.0622179508209229,1.0622179508209229,0.0,False,6,0.3534714877605438,0.6666666865348816
7281,4,1.3711633682250977,1.3711633682250977,0.0,False,6,0.34531325101852417,0.20069237053394318
7317,4,1.16425359249115,1.16425359249115,0.0,False,6,0.3815305531024933,0.22397975623607635
7341,4,1.423864483833313,1.423865556716919,-1.0728836059570312e-06,False,6,0.45427146553993225,0.26302340626716614
7346,4,0.4084748923778534,0.4084748923778534,0.0,False,6,0.28199079632759094,0.6666666865348816
7368,2,1.3522759675979614,1.3522759675979614,0.0,False,6,0.39118003845214844,0.16999518871307373
7411,4,1.1563256978988647,1.1563256978988647,0.0,False,6,0.36702150106430054,0.21407537162303925
7415,1,1.5698299407958984,1.5698299407958984,0.0,False,6,0.38891610503196716,0.4756040573120117
7440,2,1.4676990509033203,1.4676990509033203,0.0,False,6,0.355099081993103,0.5670787692070007
7451,4,0.7393772602081299,0.7393772602081299,0.0,False,6,0.3124968111515045,0.40533313155174255
7469,3,0.7574388384819031,0.7574388384819031,0.0,False,6,0.3096383213996887,0.6666666865348816
7513,3,1.328717589378357,1.328717589378357,0.0,False,6,0.3169025182723999,0.43256106972694397
7528,3,1.2136380672454834,1.2136377096176147,3.5762786865234375e-07,True,6,0.41429880261421204,0.34122419357299805
7562,0,1.8866583108901978,1.8866583108901978,0.0,False,6,0.37619492411613464,0.402408242225647
7563,3,0.7210819721221924,0.7210816740989685,2.980232238769531e-07,True,6,0.42581644654273987,0.7590668797492981
7594,1,1.5594861507415771,1.559484839439392,1.3113021850585938e-06,True,6,0.4337833821773529,0.5977395176887512
7597,2,0.7701441049575806,0.7701441049575806,0.0,False,7,0.3245311379432678,0.6666666865348816
