seed,best_epoch,best_test_acc,best_test_macro_f1,final_test_acc,final_test_macro_f1,alpha,branch_cosine,rho,pool_ratio,train_pool_ratio,prompt_node_count,prompt_edge_count,edge_scale,raw_edge_scale,edge_scale_multiplier,use_multiview_routing,use_class_aware_routing,use_attribute_view,use_enhanced_role_view,use_pattern_prompt_bank,use_receiver_only_prompt,use_benefit_gate,num_class_prompt_slots,residual_prompt_count,class_key_proto_init_coverage,pattern_key_init_coverage,semantic_view_weight,structural_view_weight,role_view_weight,attribute_view_weight,view_gate_entropy,semantic_route_margin,structural_route_margin,role_route_margin,attribute_route_margin,prompt_view_prior,mean_prompt_edge_weight,pool_acceptance_mean,pool_acceptance_min,pool_acceptance_max,use_hard_acceptance,hard_acceptance_ratio,hard_acceptance_selected_ratio,prompt_acceptance_budget,prompt_acceptance_supervision,acceptance_supervised_count,acceptance_positive_count,acceptance_negative_count,acceptance_ignored_count,acceptance_target_mean,acceptance_score_delta_mean,ce_delta_positive_ratio_train,ce_delta_negative_ratio_train,prompt_helpful_acceptance_precision_train,prompt_harmful_rejection_precision_train,prompt_benefit_supervision,benefit_supervised_count,benefit_positive_count,benefit_negative_count,benefit_ignored_count,mean_delta_ce_train_pool,positive_delta_ratio_train_pool,benefit_weight_delta_corr_train,benefit_label_strategy_quantile,benefit_quantile_fraction,benefit_positive_threshold,benefit_negative_threshold,benefit_delta_eps,prompt_correction_loss,prompt_anti_harm_loss,prompt_correction_supervised_count,prompt_correction_harmful_count,prompt_correction_target_norm,prompt_delta_logit_norm,prompt_delta_logit_label_alignment,harmful_prompt_delta_ratio,prompt_message_help_loss,prompt_message_help_query_loss,prompt_class_anti_harm_loss,class_balanced_mean_delta_ce,class_balanced_positive_delta_ratio,query_class_balanced_mean_delta_ce,query_class_balanced_positive_delta_ratio,message_help_supervised_count,message_help_query_supervised_count,message_help_class_count,message_help_query_class_count,message_help_margin,message_help_class_balanced,prompt_class_anti_harm_floor,utility_receive_gate_loss,utility_receive_gate_query_loss,receive_gate_budget,utility_gate_supervised_count,utility_gate_query_supervised_count,utility_gate_positive_count,utility_gate_query_positive_count,utility_gate_negative_count,utility_gate_query_negative_count,utility_gate_ignored_count,utility_gate_query_ignored_count,utility_gate_target_mean,utility_gate_query_target_mean,utility_gate_delta_corr_train,utility_gate_query_delta_corr,utility_gate_label_strategy,utility_gate_query_label_strategy,query_proto_alignment_loss,query_proto_supervised_count,query_proto_class_count,query_proto_mean_delta_dist,query_proto_positive_ratio,correction_alignment_loss,correction_alignment_anti_harm_loss,correction_alignment_node_count,correction_alignment_harmful_count,correction_alignment_cosine_mean,correction_alignment_delta_h_norm,correction_alignment_delta_ce_mean,support_query_enabled,support_only_prompt_graph,support_count,query_count,train_support_ratio,use_utility_receive_gate,utility_receive_gate_mean,utility_receive_gate_min,utility_receive_gate_max,utility_receive_gate_floor,benefit_gate_mean,benefit_gate_min,benefit_gate_max,use_edge_utility,edge_utility_mean,edge_utility_min,edge_utility_max,edge_utility_supervision_loss,edge_utility_supervised_count,edge_utility_positive_count,edge_utility_negative_count,edge_utility_ignored_count,edge_utility_target_mean,edge_utility_delta_ce_mean,edge_utility_delta_ce_positive_ratio,edge_utility_delta_corr_train,pool_strategy_id,pool_selected_ratio,pool_score_mean,pool_score_selected_mean,pool_uncertainty_mean,pool_disagreement_mean,use_hard_receive_gate,hard_receive_ratio,hard_receive_selected_ratio,receive_gate_mean,receive_gate_min,receive_gate_max,class_route,key_proto,class_router_hit_rate_train,class_router_hit_rate_val,class_router_hit_rate_test,prompt_label_purity_train,residual_prompt_usage_ratio,same_class_route_compactness,different_class_route_separation,prompt_usage_entropy,prompt_usage_full_entropy,pattern_prompt_usage_entropy,dominant_prompt_slot_ratio,active_prompt_slot_count@0.05,prompt_msg_norm,prompt_to_original_msg_norm,node_to_prompt_msg_norm,prompt_to_original_update_norm,correction_norm,node_to_prompt_update_norm,raw_prompt_update_norm,unbounded_prompt_update_norm,prompt_update_clip_ratio,bounded_correction_clip_ratio,prompt_gate_mean,prompt_gate_node_to_prompt_mean,prompt_gate_prompt_to_node_mean,prompt_receiver_gate_mean,prompt_message_scale,selected_message_scale,prompt_message_norm,bounded_prompt_update,max_prompt_update_norm,prompt_update_bound_mode,receiver_version,prompt_fusion,prompt_slot_head_count,prototype_direction_strength_mean,prototype_direction_normalize,pool_only_prompt_update,zero_init_prompt_messages,adapted_branch_delta_norm,capacity_routing_enabled,prompt_capacity,capacity_overflow_count,edge_type_counts,init_original_x_delta,init_logit_delta,init_logit_delta_full_edge_scale,early_stopped,stopped_epoch,diagnostic_message_scale,utility_mean_delta_ce,utility_positive_delta_ratio,utility_mean_ce_no_prompt,utility_mean_ce_prompt,utility_mean_delta_ce_train_pool,utility_positive_delta_ratio_train_pool,utility_mean_delta_ce_val_pool,utility_positive_delta_ratio_val_pool,utility_mean_delta_ce_test_pool,utility_positive_delta_ratio_test_pool,utility_acceptance_delta_correlation,utility_structural_score_delta_correlation
0,25.0,0.19269311428070068,0.09684298732317984,0.21920667588710785,0.13186662066727878,0.5026841759681702,0.9999479055404663,0.15,0.19573159515857697,0.050182655453681946,24,6108,0.05360808223485947,0.05360808223485947,1.0,1.0,0.0,1.0,1.0,1.0,0.0,0.0,0.0,24.0,0.0,1.0,0.24370582401752472,0.2503761947154999,0.25266605615615845,0.2532518804073334,0.9999167323112488,0.11555780470371246,0.05594990402460098,0.054613448679447174,2.762540589174023e-06,0.0032891477458178997,0.003278205171227455,1.0,1.0,1.0,0.0,0.10000000149011612,1.0,0.0,0.0,0.0,0.0,0.0,0.0,0.0,0.0,0.0,0.0,0.0,0.0,0.0,0.0,0.0,0.0,0.0,0.0,0.0,0.0,0.0,0.0,0.0,0.0,0.0,0.0,0.0,0.0,0.0,0.0,0.0,0.0,0.0,0.0,0.005020993761718273,0.0,0.0,0.0,-2.099408084177412e-05,0.0,0.0,12.0,0.0,2.0,0.005,1.0,0.0,0.0,0.0,0.0,0.0,0.0,0.0,0.0,0.0,0.0,0.0,0.0,0.0,0.0,0.0,0.0,margin,margin,0.004996701143682003,12.0,2.0,3.298123829154065e-06,0.6666666865348816,0.6386150121688843,0.00035128332092426717,46.0,98.0,0.3613850176334381,0.0003591439453884959,-1.440253709006356e-05,1.0,1.0,145.0,116.0,0.5555555555555556,1.0,0.36708763241767883,0.36708566546440125,0.3670887053012848,0.0,1.0,1.0,1.0,1.0,0.49975523352622986,0.4997372329235077,0.4998653829097748,0.9434313774108887,144.0,46.0,98.0,1.0,0.3194444477558136,-1.440253709006356e-05,0.317241370677948,-0.11183685809373856,2.0,0.19573159515857697,0.8061874508857727,0.8938716053962708,0.9841096997261047,0.8406825065612793,0.0,0.15000000596046448,1.0,0.36708763241767883,0.36708563566207886,0.3670887053012848,0.0,0.0,0.0,0.0,0.0,0.19693486590038314,1.0000000074505806,0.0008139344863593578,0.000886108202394098,0.38928845524787903,0.9999417662620544,0.9999417662620544,0.045133769512176514,0.0,2.4247687179013155e-05,0.0030478821136057377,0.0,2.435957867419347e-05,2.435957867419347e-05,0.0,0.0004849537508562207,2.4247687179013155e-05,0.0,0.0,0.13335631787776947,0.10693750530481339,0.15977513790130615,0.15977513790130615,0.05000000074505806,0.05,weighted_mean,1.0,0.03999999910593033,norm_clip,v6_classifier_directional,classifier_directional_residual,24.0,0.03005203977227211,1.0,1.0,0.0,2.435957867419347e-05,0.0,0.0,0.0,"[217073, 3054, 3054]",0.0,0.0,4.747137427330017e-05,True,65,0.05,1.8607611309562344e-06,0.6513410210609436,1.5393433570861816,1.5393414497375488,1.8607611309562344e-06,0.6513410210609436,1.9192696072423132e-06,0.699999988079071,2.3952902665769216e-06,0.7876712083816528,0.0,-0.1490531712770462
0,50.0,0.21085594594478607,0.16095961816608906,0.2118997871875763,0.18559063002467155,0.5009599924087524,0.992050051689148,0.15,0.19534705579280853,0.050182655453681946,24,6096,0.05741611123085022,0.05741611123085022,1.0,1.0,0.0,1.0,1.0,1.0,0.0,0.0,0.0,24.0,0.0,1.0,0.2494826465845108,0.24807783961296082,0.25175392627716064,0.25068557262420654,0.9999891519546509,0.13123144209384918,0.13601277768611908,0.04229689761996269,4.0186202454606246e-07,0.003658177563920617,0.00367212132550776,1.0,1.0,1.0,0.0,0.10000000149011612,1.0,0.0,0.0,0.0,0.0,0.0,0.0,0.0,0.0,0.0,0.0,0.0,0.0,0.0,0.0,0.0,0.0,0.0,0.0,0.0,0.0,0.0,0.0,0.0,0.0,0.0,0.0,0.0,0.0,0.0,0.0,0.0,0.0,0.0,0.0,0.004963149782270193,0.0,0.0,0.0,3.684986222651787e-05,0.8333333134651184,0.0,11.0,0.0,3.0,0.005,1.0,0.0,0.0,0.0,0.0,0.0,0.0,0.0,0.0,0.0,0.0,0.0,0.0,0.0,0.0,0.0,0.0,margin,margin,0.004994641058146954,11.0,3.0,5.3587414186040405e-06,0.6666666865348816,0.6079767346382141,0.0008998578414320946,96.0,48.0,0.3920232355594635,0.0008972160867415369,2.1437941541080363e-05,1.0,1.0,145.0,116.0,0.5555555555555556,1.0,0.3837047219276428,0.3837047219276428,0.38370487093925476,0.0,1.0,1.0,1.0,1.0,0.5000429153442383,0.5000360012054443,0.5000438690185547,0.4620971083641052,144.0,96.0,48.0,1.0,0.6666666865348816,2.1437941541080363e-05,0.6620689630508423,0.38710418343544006,2.0,0.19534705579280853,0.7841489911079407,0.8892579078674316,0.9856141805648804,0.739551842212677,0.0,0.15000000596046448,1.0,0.3837047219276428,0.38370466232299805,0.38370490074157715,0.0,0.0,0.0,0.0,0.0,0.19693486590038314,1.000000013038516,0.0009149503894150257,0.0009973468258976936,0.3454231023788452,0.997011125087738,0.997011125087738,0.05541744828224182,3.0,0.0001703966554487124,0.010074125602841377,0.0,0.00017118293908424675,0.00017118293908424675,0.0,0.0017039664089679718,0.0001703966554487124,0.0,0.0,0.14194674789905548,0.11420530080795288,0.16968819499015808,0.16968819499015808,0.10000000149011612,0.1,weighted_mean,1.0,0.03999999910593033,norm_clip,v6_classifier_directional,classifier_directional_residual,24.0,-0.017007678747177124,1.0,1.0,0.0,0.00017118293908424675,0.0,0.0,0.0,"[217073, 3048, 3048]",0.0,0.0,9.493529796600342e-05,False,80,0.1,9.264046093448997e-05,0.8965517282485962,1.4406975507736206,1.4406049251556396,9.264046093448997e-05,0.8965517282485962,-6.026692062732764e-06,0.5,6.080157163523836e-06,0.570270299911499,0.0,0.5706552267074585
0,25.0,0.21043841540813446,0.14524302929639815,0.21085594594478607,0.1685472011566162,0.5044044256210327,0.9999284744262695,0.15,0.19457796216011047,0.050182655453681946,24,6072,0.05360808223485947,0.05360808223485947,1.0,1.0,0.0,1.0,1.0,1.0,0.0,0.0,0.0,24.0,0.0,1.0,0.23918266594409943,0.24881082773208618,0.2563427984714508,0.2556636929512024,0.9997231364250183,0.02331962250173092,0.008439448662102222,0.014932835474610329,4.140755663684104e-06,0.0029535400681197643,0.0032795374281704426,1.0,1.0,1.0,0.0,0.10000000149011612,1.0,0.0,0.0,0.0,0.0,0.0,0.0,0.0,0.0,0.0,0.0,0.0,0.0,0.0,0.0,0.0,0.0,0.0,0.0,0.0,0.0,0.0,0.0,0.0,0.0,0.0,0.0,0.0,0.0,0.0,0.0,0.0,0.0,0.0,0.0,0.0049966974183917046,0.0,0.0,0.0,3.3020987757481635e-06,0.5,0.0,12.0,0.0,2.0,0.005,1.0,0.0,0.0,0.0,0.0,0.0,0.0,0.0,0.0,0.0,0.0,0.0,0.0,0.0,0.0,0.0,0.0,margin,margin,0.00497200945392251,12.0,2.0,2.7990341550321318e-05,0.75,0.6993346214294434,0.001585858641192317,51.0,94.0,0.30066537857055664,0.0015752079198136926,-2.7285772375762463e-05,1.0,1.0,145.0,116.0,0.5555555555555556,1.0,0.36708492040634155,0.3670840561389923,0.36708688735961914,0.0,1.0,1.0,1.0,1.0,0.49996209144592285,0.4999293088912964,0.5000197291374207,0.898708701133728,145.0,51.0,94.0,0.0,0.35172414779663086,-2.7285772375762463e-05,0.35172414779663086,-0.15544816851615906,2.0,0.19457796216011047,0.8174840211868286,0.9091368913650513,0.9950595498085022,0.8472414016723633,0.0,0.15000000596046448,1.0,0.36708492040634155,0.3670840263366699,0.36708688735961914,0.0,0.0,0.0,0.0,0.0,0.201623519087319,0.9999999925494194,0.0025047329254448414,0.0027822174597531557,0.4426588714122772,0.9999032020568848,0.9999032020568848,0.045000143349170685,0.0,0.00014271927648223937,0.0035936336498707533,0.0,0.00014337785250972956,0.00014337785250972956,0.0,0.0005708771059289575,0.00014271927648223937,0.0,0.0,0.13327397406101227,0.10693750530481339,0.15961045026779175,0.15961045026779175,0.25,0.25,weighted_mean,1.0,0.03999999910593033,norm_clip,v6_classifier_directional,classifier_directional_residual,24.0,0.035603199154138565,1.0,1.0,0.0,0.00014337785250972956,0.0,0.0,0.0,"[217073, 3036, 3036]",0.0,0.0,0.00023759901523590088,True,65,0.25,-6.9889982114546e-05,0.37931033968925476,1.55655038356781,1.5566202402114868,-6.9889982114546e-05,0.37931033968925476,8.703023195266724e-05,0.6875,4.613122655428015e-05,0.562841534614563,0.0,0.12935829162597656
1,65.0,0.2313152402639389,0.19696366637945176,0.21461378037929535,0.17688278518617154,0.5042688250541687,0.9554771184921265,0.15,0.19534705579280853,0.050182655453681946,24,6096,0.05979172885417938,0.05979172885417938,1.0,1.0,0.0,1.0,1.0,1.0,0.0,0.0,0.0,24.0,0.0,1.0,0.25054025650024414,0.24963828921318054,0.250264048576355,0.24955740571022034,0.9999991655349731,1.1499933004379272,1.185593843460083,0.06880028545856476,1.3375844787333335e-07,0.0037825689651072025,0.003919005859643221,1.0,1.0,1.0,0.0,0.10000000149011612,1.0,0.0,0.0,0.0,0.0,0.0,0.0,0.0,0.0,0.0,0.0,0.0,0.0,0.0,0.0,0.0,0.0,0.0,0.0,0.0,0.0,0.0,0.0,0.0,0.0,0.0,0.0,0.0,0.0,0.0,0.0,0.0,0.0,0.0,0.0,0.004978261888027191,0.0,0.0,0.0,2.1737718270742334e-05,1.0,0.0,14.0,0.0,3.0,0.005,1.0,0.0,0.0,0.0,0.0,0.0,0.0,0.0,0.0,0.0,0.0,0.0,0.0,0.0,0.0,0.0,0.0,margin,margin,0.00499921478331089,14.0,3.0,7.847945084904495e-07,0.7380952835083008,0.5770128965377808,0.0005462431581690907,123.0,20.0,0.42298710346221924,0.0007851095870137215,2.781604962365236e-05,1.0,1.0,145.0,116.0,0.5555555555555556,1.0,0.3932490050792694,0.393248975276947,0.393248975276947,0.0,1.0,1.0,1.0,1.0,0.5000211596488953,0.5000210404396057,0.5000213384628296,0.19388729333877563,143.0,123.0,20.0,2.0,0.8601398468017578,2.781604962365236e-05,0.8482758402824402,-0.11505229026079178,2.0,0.19534705579280853,0.8341017365455627,0.9225961565971375,0.9947609305381775,0.9193449020385742,0.0,0.15000000596046448,1.0,0.3932490050792694,0.39324891567230225,0.3932490348815918,0.0,0.0,0.0,0.0,0.0,0.19693486590038314,0.9999999850988388,0.0005534131778404117,0.0005879108794033527,0.3292502164840698,0.9938133955001831,0.9938133955001831,0.08654694259166718,1.0,8.54130630614236e-05,0.00973021425306797,0.0,8.580720168538392e-05,8.580720168538392e-05,0.0,0.001708261203020811,8.54130630614236e-05,0.0,0.0,0.1472148895263672,0.11870796978473663,0.17572182416915894,0.17572182416915894,0.05000000074505806,0.05,weighted_mean,1.0,0.03999999910593033,norm_clip,v6_classifier_directional,classifier_directional_residual,24.0,-0.035690970718860626,1.0,1.0,0.0,8.580720168538392e-05,0.0,0.0,0.0,"[217073, 3048, 3048]",0.0,0.0,4.8663467168807983e-05,False,80,0.05,2.9160830308683217e-05,0.8237547874450684,1.471394658088684,1.4713653326034546,2.9160830308683217e-05,0.8237547874450684,1.4978905937823583e-06,0.47826087474823,-6.241340884116653e-07,0.4931506812572479,0.0,0.5241353511810303
1,30.0,0.23486429452896118,0.17829420566558837,0.20918580889701843,0.09892009310424328,0.5006314516067505,0.9998122453689575,0.15,0.19457796216011047,0.050182655453681946,24,6072,0.05435428395867348,0.05435428395867348,1.0,1.0,0.0,1.0,1.0,1.0,0.0,0.0,0.0,24.0,0.0,1.0,0.24583204090595245,0.25601378083229065,0.24884289503097534,0.24931126832962036,0.9999204874038696,0.8952701687812805,1.0254466533660889,0.5570451021194458,9.953975677490234e-06,0.0035611388739198446,0.0033564637415111065,1.0,1.0,1.0,0.0,0.10000000149011612,1.0,0.0,0.0,0.0,0.0,0.0,0.0,0.0,0.0,0.0,0.0,0.0,0.0,0.0,0.0,0.0,0.0,0.0,0.0,0.0,0.0,0.0,0.0,0.0,0.0,0.0,0.0,0.0,0.0,0.0,0.0,0.0,0.0,0.0,0.0,0.005010390188544989,0.0,0.0,0.0,-1.0390508577984292e-05,0.45714282989501953,0.0,13.0,0.0,5.0,0.005,1.0,0.0,0.0,0.0,0.0,0.0,0.0,0.0,0.0,0.0,0.0,0.0,0.0,0.0,0.0,0.0,0.0,margin,margin,0.004972906317561865,13.0,5.0,2.7093434255220927e-05,0.9714285731315613,0.7819778919219971,0.0006926183705218136,44.0,101.0,0.21802206337451935,0.000692333618644625,-3.0664741643704474e-05,1.0,1.0,145.0,116.0,0.5555555555555556,1.0,0.37046805024147034,0.3704673647880554,0.37046894431114197,0.0,1.0,1.0,1.0,1.0,0.5000559091567993,0.5000249147415161,0.500062108039856,0.9656258225440979,145.0,44.0,101.0,0.0,0.30344828963279724,-3.0664741643704474e-05,0.30344828963279724,-0.17691858112812042,2.0,0.19457796216011047,0.8195042014122009,0.9096750617027283,0.9911231398582458,0.8666309714317322,0.0,0.15000000596046448,1.0,0.3704680800437927,0.3704673647880554,0.37046894431114197,0.0,0.0,0.0,0.0,0.0,0.19693486590038314,0.9999999962747097,0.0013689575716853142,0.001482142019085586,0.3761332929134369,0.9945525527000427,0.9945525527000427,0.0832030177116394,1.0,7.11273678462021e-05,0.004417198710143566,0.0,7.145558629417792e-05,7.145558629417792e-05,0.0,0.0007112736348062754,7.11273678462021e-05,0.0,0.0,0.13504235446453094,0.10836637020111084,0.16171833872795105,0.16171833872795105,0.10000000149011612,0.1,weighted_mean,1.0,0.03999999910593033,norm_clip,v6_classifier_directional,classifier_directional_residual,24.0,0.0371529646217823,1.0,1.0,0.0,7.145558629417792e-05,0.0,0.0,0.0,"[217073, 3036, 3036]",0.0,0.0,9.731203317642212e-05,True,70,0.1,-5.796859841211699e-05,0.16475096344947815,1.5513770580291748,1.5514352321624756,-5.796859841211699e-05,0.16475096344947815,-1.4740228834853042e-05,0.4000000059604645,-4.897680355497869e-06,0.48750001192092896,0.0,0.0431847907602787
1,40.0,0.2363256812095642,0.19956142492592335,0.2029227614402771,0.14742180407047273,0.5028212666511536,0.9984296560287476,0.15,0.1926552653312683,0.050182655453681946,24,6012,0.05586995556950569,0.05586995556950569,1.0,1.0,0.0,1.0,1.0,1.0,0.0,0.0,0.0,24.0,0.0,1.0,0.24701929092407227,0.24939197301864624,0.25060221552848816,0.25298649072647095,0.9999731779098511,0.10278952121734619,0.19387349486351013,0.3213399052619934,1.2135077440689201e-06,0.003499662270769477,0.003511747345328331,1.0,1.0,1.0,0.0,0.10000000149011612,1.0,0.0,0.0,0.0,0.0,0.0,0.0,0.0,0.0,0.0,0.0,0.0,0.0,0.0,0.0,0.0,0.0,0.0,0.0,0.0,0.0,0.0,0.0,0.0,0.0,0.0,0.0,0.0,0.0,0.0,0.0,0.0,0.0,0.0,0.0,0.005005819257348776,0.0,0.0,0.0,-5.819400030304678e-06,0.375,0.0,14.0,0.0,4.0,0.005,1.0,0.0,0.0,0.0,0.0,0.0,0.0,0.0,0.0,0.0,0.0,0.0,0.0,0.0,0.0,0.0,0.0,margin,margin,0.004997914656996727,14.0,4.0,2.0851691715506604e-06,0.5375000238418579,0.6353979110717773,0.0009316488285548985,69.0,76.0,0.36460208892822266,0.0009540882892906666,1.0925737115030643e-05,1.0,1.0,145.0,116.0,0.5555555555555556,1.0,0.3771507441997528,0.3771505355834961,0.37715113162994385,0.0,1.0,1.0,1.0,1.0,0.49997836351394653,0.49997472763061523,0.49998676776885986,0.7266101837158203,145.0,69.0,76.0,0.0,0.475862056016922,1.0925737115030643e-05,0.475862056016922,-0.0833539068698883,2.0,0.1926552653312683,0.7948456406593323,0.8907361030578613,0.9831898212432861,0.8138805627822876,0.0,0.15000000596046448,1.0,0.3771507441997528,0.3771505355834961,0.3771511912345886,0.0,0.0,0.0,0.0,0.0,0.19693486590038314,0.9999999850988388,0.0031540405470877886,0.0034441808238625526,0.34321296215057373,0.987613320350647,0.987613320350647,0.08170750737190247,3.0,0.00019843524205498397,0.004842973314225674,0.0,0.00019935093587264419,0.00019935093587264419,0.0,0.0007937409682199359,0.00019843524205498397,0.0,0.0,0.13786178827285767,0.11126171052455902,0.16446185111999512,0.16446185111999512,0.25,0.25,weighted_mean,1.0,0.03999999910593033,norm_clip,v6_classifier_directional,classifier_directional_residual,24.0,-0.0059851594269275665,1.0,1.0,0.0,0.00019935093587264419,0.0,0.0,0.0,"[217073, 3006, 3006]",0.0,0.0,0.000243261456489563,True,80,0.25,0.00011540235573193058,0.7892720103263855,1.4573912620544434,1.4572758674621582,0.00011540235573193058,0.7892720103263855,4.253604402038036e-06,0.5,1.1872319191752467e-05,0.5339806079864502,0.0,0.4017535150051117
2,5.0,0.2175365388393402,0.13385273590683938,0.21837161481380463,0.1757208812981844,0.5006258487701416,0.9999998211860657,0.15,0.1949625015258789,0.050182655453681946,24,6084,0.025352245196700096,0.05070449039340019,0.5,1.0,0.0,1.0,1.0,1.0,0.0,0.0,0.0,24.0,0.0,1.0,0.24925482273101807,0.2561570703983307,0.24625150859355927,0.24833659827709198,0.9999189972877502,0.0016996153863146901,0.004193978384137154,0.0034754930529743433,1.8757124053081498e-05,0.004012427758425474,0.001492824638262391,1.0,1.0,1.0,0.0,0.10000000149011612,1.0,0.0,0.0,0.0,0.0,0.0,0.0,0.0,0.0,0.0,0.0,0.0,0.0,0.0,0.0,0.0,0.0,0.0,0.0,0.0,0.0,0.0,0.0,0.0,0.0,0.0,0.0,0.0,0.0,0.0,0.0,0.0,0.0,0.0,0.0,0.0,0.0,0.0,0.0,0.0,0.0,0.0,0.0,0.0,0.0,0.005,1.0,0.0,0.0,0.0,0.0,0.0,0.0,0.0,0.0,0.0,0.0,0.0,0.0,0.0,0.0,0.0,0.0,margin,margin,0.0,0.0,0.0,0.0,0.0,0.0,0.0,0.0,0.0,0.0,0.0,0.0,1.0,1.0,145.0,116.0,0.5555555555555556,1.0,0.3534184992313385,0.3534161448478699,0.35341933369636536,0.0,1.0,1.0,1.0,1.0,0.49983227252960205,0.49981874227523804,0.499879390001297,0.0,0.0,0.0,0.0,0.0,0.0,0.0,0.0,0.0,2.0,0.1949625015258789,0.5842801332473755,0.6753851771354675,0.9977796673774719,0.1107959970831871,0.0,0.15000000596046448,1.0,0.3534184992313385,0.3534161150455475,0.35341933369636536,0.0,0.0,0.0,0.0,0.0,0.2196623285262047,1.0000000037252903,0.001820758101530373,0.001957664033398032,0.6741560697555542,0.9999912977218628,0.9999912977218628,0.04204729199409485,0.0,4.393984272610396e-05,0.005811215378344059,0.0,4.414260183693841e-05,4.414260183693841e-05,0.0,0.0008787967963144183,4.393984272610396e-05,0.0,0.0,0.12664002180099487,0.10135795176029205,0.1519221067428589,0.1519221067428589,0.05000000074505806,0.05,weighted_mean,1.0,0.03999999910593033,norm_clip,v6_classifier_directional,classifier_directional_residual,24.0,0.03553186357021332,1.0,1.0,0.0,4.414260183693841e-05,0.0,0.0,0.0,"[217073, 3042, 3042]",0.0,0.0,5.7966448366642e-05,True,45,0.05,1.7767207793895068e-07,0.5555555820465088,1.4889341592788696,1.4889341592788696,1.7767207793895068e-07,0.5555555820465088,-7.571997684863163e-06,0.37037035822868347,-7.586224000988295e-06,0.39780521392822266,0.0,0.3288208544254303
2,10.0,0.22839248180389404,0.15700531788170338,0.22233819961547852,0.19957056120038033,0.501392126083374,0.9999992251396179,0.15,0.19400115311145782,0.050182655453681946,24,6054,0.05141779035329819,0.05141779035329819,1.0,1.0,0.0,1.0,1.0,1.0,0.0,0.0,0.0,24.0,0.0,1.0,0.2510535717010498,0.2536998987197876,0.24726340174674988,0.24798311293125153,0.9999615550041199,0.0016260492848232388,0.006059687584638596,0.02511957660317421,1.3635463801620062e-05,0.0038899967912584543,0.0030585762578994036,1.0,1.0,1.0,0.0,0.10000000149011612,1.0,0.0,0.0,0.0,0.0,0.0,0.0,0.0,0.0,0.0,0.0,0.0,0.0,0.0,0.0,0.0,0.0,0.0,0.0,0.0,0.0,0.0,0.0,0.0,0.0,0.0,0.0,0.0,0.0,0.0,0.0,0.0,0.0,0.0,0.0,0.005022494588047266,0.0,0.0,0.0,-2.2494790755445138e-05,0.20000000298023224,0.0,19.0,0.0,5.0,0.005,1.0,0.0,0.0,0.0,0.0,0.0,0.0,0.0,0.0,0.0,0.0,0.0,0.0,0.0,0.0,0.0,0.0,margin,margin,0.004918233957141638,19.0,5.0,8.17656546132639e-05,0.5333333611488342,0.5842205286026001,0.000993299763649702,38.0,107.0,0.4157794713973999,0.000957028940320015,-2.0943016352248378e-05,1.0,1.0,145.0,116.0,0.5555555555555556,1.0,0.3568468391895294,0.35684454441070557,0.3568573594093323,0.0,1.0,1.0,1.0,1.0,0.5000867247581482,0.4999210834503174,0.5001950860023499,1.0229554176330566,145.0,38.0,107.0,0.0,0.2620689570903778,-2.0943016352248378e-05,0.2620689570903778,0.13234524428844452,2.0,0.19400115311145782,0.5943896770477295,0.6934939622879028,0.9966429471969604,0.15816190838813782,0.0,0.15000000596046448,1.0,0.3568468391895294,0.3568445146083832,0.3568573594093323,0.0,0.0,0.0,0.0,0.0,0.20258051407091335,0.9999999925494194,0.0018202485516667366,0.0019634333439171314,0.5402674674987793,0.999991774559021,0.999991774559021,0.042471788823604584,0.0,9.168311953544617e-05,0.005986083764582872,0.0,9.210618736688048e-05,9.210618736688048e-05,0.0,0.0009168311953544617,9.168311953544617e-05,0.0,0.0,0.12828704714775085,0.10273134708404541,0.1538427472114563,0.1538427472114563,0.10000000149011612,0.1,weighted_mean,1.0,0.03999999910593033,norm_clip,v6_classifier_directional,classifier_directional_residual,24.0,0.03872103989124298,1.0,1.0,0.0,9.210618736688048e-05,0.0,0.0,0.0,"[217073, 3027, 3027]",0.0,0.0,0.00011592358350753784,True,50,0.1,1.914953281811904e-05,0.6704980731010437,1.4417318105697632,1.4417126178741455,1.914953281811904e-05,0.6704980731010437,-4.64320182800293e-05,0.38461539149284363,-5.181208689464256e-05,0.3959183692932129,0.0,0.24457339942455292
2,35.0,0.22463466227054596,0.2042095899581909,0.21899791061878204,0.1589450741186738,0.501716673374176,0.9993934035301208,0.15,0.19630840420722961,0.050182655453681946,24,6126,0.05510825663805008,0.05510825663805008,1.0,1.0,0.0,1.0,1.0,1.0,0.0,0.0,0.0,24.0,0.0,1.0,0.24703830480575562,0.24810272455215454,0.2550261616706848,0.24983279407024384,0.9999456405639648,0.22652961313724518,0.22584445774555206,0.39604923129081726,3.179420446031145e-06,0.00348191917873919,0.00343485944904387,1.0,1.0,1.0,0.0,0.10000000149011612,1.0,0.0,0.0,0.0,0.0,0.0,0.0,0.0,0.0,0.0,0.0,0.0,0.0,0.0,0.0,0.0,0.0,0.0,0.0,0.0,0.0,0.0,0.0,0.0,0.0,0.0,0.0,0.0,0.0,0.0,0.0,0.0,0.0,0.0,0.0,0.0049935029819607735,0.0,0.0,0.0,6.496906280517578e-06,0.375,0.0,11.0,0.0,4.0,0.005,1.0,0.0,0.0,0.0,0.0,0.0,0.0,0.0,0.0,0.0,0.0,0.0,0.0,0.0,0.0,0.0,0.0,margin,margin,0.004947860725224018,11.0,4.0,5.213916301727295e-05,0.875,0.6587826013565063,0.0014433881733566523,46.0,99.0,0.34121742844581604,0.001453499193303287,-3.9027887396514416e-05,1.0,1.0,145.0,116.0,0.5555555555555556,1.0,0.37382569909095764,0.3738254904747009,0.37382614612579346,0.0,1.0,1.0,1.0,1.0,0.5001968145370483,0.5001059770584106,0.5002308487892151,0.9464849233627319,145.0,46.0,99.0,0.0,0.317241370677948,-3.9027887396514416e-05,0.317241370677948,0.26505956053733826,2.0,0.19630840420722961,0.7745646238327026,0.8787607550621033,0.98151695728302,0.7008052468299866,0.0,0.15000000596046448,1.0,0.37382563948631287,0.3738254904747009,0.37382614612579346,0.0,0.0,0.0,0.0,0.0,0.19693486590038314,1.000000013038516,0.001228635897859931,0.001287352293729782,0.32699456810951233,0.9829850792884827,0.9829850792884827,0.10114513337612152,2.0,0.0002670284011401236,0.006656317040324211,0.0,0.0002682605991140008,0.0002682605991140008,0.0,0.0010681136045604944,0.0002670284011401236,0.0,0.0,0.13550709187984467,0.10980787873268127,0.16120630502700806,0.16120630502700806,0.25,0.25,weighted_mean,1.0,0.03999999910593033,norm_clip,v6_classifier_directional,classifier_directional_residual,24.0,0.011487346142530441,1.0,1.0,0.0,0.0002682605991140008,0.0,0.0,0.0,"[217073, 3063, 3063]",0.0,0.0,0.0002898098900914192,True,75,0.25,5.0985036068595946e-05,0.7126436829566956,1.441461205482483,1.4414103031158447,5.0985036068595946e-05,0.7126436829566956,-8.550286293029785e-05,0.5357142686843872,-5.583656093222089e-05,0.5476838946342468,0.0,0.33366864919662476
3,5.0,0.22359082102775574,0.13450259268283843,0.21085594594478607,0.14283569864928722,0.5005970001220703,0.9999996423721313,0.15,0.19323207437992096,0.050182655453681946,24,6030,0.025352245196700096,0.05070449039340019,0.5,1.0,0.0,1.0,1.0,1.0,0.0,0.0,0.0,24.0,0.0,1.0,0.2622036039829254,0.24200351536273956,0.2451121062040329,0.2506807744503021,0.9996582865715027,0.0004879634652752429,0.0007732219528406858,0.0020368467085063457,2.4040658900048584e-05,0.004685133695602417,0.0014935879735276103,1.0,1.0,1.0,0.0,0.10000000149011612,1.0,0.0,0.0,0.0,0.0,0.0,0.0,0.0,0.0,0.0,0.0,0.0,0.0,0.0,0.0,0.0,0.0,0.0,0.0,0.0,0.0,0.0,0.0,0.0,0.0,0.0,0.0,0.0,0.0,0.0,0.0,0.0,0.0,0.0,0.0,0.0,0.0,0.0,0.0,0.0,0.0,0.0,0.0,0.0,0.0,0.005,1.0,0.0,0.0,0.0,0.0,0.0,0.0,0.0,0.0,0.0,0.0,0.0,0.0,0.0,0.0,0.0,0.0,margin,margin,0.0,0.0,0.0,0.0,0.0,0.0,0.0,0.0,0.0,0.0,0.0,0.0,1.0,1.0,145.0,116.0,0.5555555555555556,1.0,0.353419691324234,0.3534189760684967,0.35342368483543396,0.0,1.0,1.0,1.0,1.0,0.50008624792099,0.5000746846199036,0.5001400709152222,0.0,0.0,0.0,0.0,0.0,0.0,0.0,0.0,0.0,2.0,0.19323207437992096,0.5780972242355347,0.6637583374977112,0.9980994462966919,0.09296289086341858,0.0,0.15000000596046448,1.0,0.353419691324234,0.3534189760684967,0.35342368483543396,0.0,0.0,0.0,0.0,0.0,0.20387586748723321,1.0000000037252903,0.002466829726472497,0.0026280502788722515,0.5824024081230164,0.9999868869781494,0.9999868869781494,0.04236641526222229,0.0,4.203499702271074e-05,0.005559293553233147,0.0,4.2228966776747257e-05,4.2228966776747257e-05,0.0,0.0008406998822465539,4.203499702271074e-05,0.0,0.0,0.12663999199867249,0.10135795176029205,0.1519220471382141,0.1519220471382141,0.05000000074505806,0.05,weighted_mean,1.0,0.03999999910593033,norm_clip,v6_classifier_directional,classifier_directional_residual,24.0,0.035568349063396454,1.0,1.0,0.0,4.2228966776747257e-05,0.0,0.0,0.0,"[217073, 3015, 3015]",0.0,0.0,4.649162292480469e-05,True,45,0.05,-2.4625167043268448e-06,0.29885056614875793,1.5313481092453003,1.5313506126403809,-2.4625167043268448e-06,0.29885056614875793,-6.32554292678833e-06,0.1875,5.0975386329810135e-06,0.36834925413131714,0.0,-0.10206511616706848
3,5.0,0.22359082102775574,0.13450259268283843,0.21419623494148254,0.16787617653608322,0.5005853772163391,0.9999983310699463,0.15,0.1924629807472229,0.050182655453681946,24,6006,0.025352245196700096,0.05070449039340019,0.5,1.0,0.0,1.0,1.0,1.0,0.0,0.0,0.0,24.0,0.0,1.0,0.2621549069881439,0.2419939488172531,0.24517518281936646,0.2506759762763977,0.9996604919433594,0.0004952895687893033,0.0007660397095605731,0.0019795068074017763,2.6367404643679038e-05,0.004685033578425646,0.0014936580555513501,1.0,1.0,1.0,0.0,0.10000000149011612,1.0,0.0,0.0,0.0,0.0,0.0,0.0,0.0,0.0,0.0,0.0,0.0,0.0,0.0,0.0,0.0,0.0,0.0,0.0,0.0,0.0,0.0,0.0,0.0,0.0,0.0,0.0,0.0,0.0,0.0,0.0,0.0,0.0,0.0,0.0,0.0,0.0,0.0,0.0,0.0,0.0,0.0,0.0,0.0,0.0,0.005,1.0,0.0,0.0,0.0,0.0,0.0,0.0,0.0,0.0,0.0,0.0,0.0,0.0,0.0,0.0,0.0,0.0,margin,margin,0.0,0.0,0.0,0.0,0.0,0.0,0.0,0.0,0.0,0.0,0.0,0.0,1.0,1.0,145.0,116.0,0.5555555555555556,1.0,0.3534194827079773,0.353415846824646,0.35342156887054443,0.0,1.0,1.0,1.0,1.0,0.5001100897789001,0.5001026391983032,0.5001274347305298,0.0,0.0,0.0,0.0,0.0,0.0,0.0,0.0,0.0,2.0,0.1924629807472229,0.5779565572738647,0.662443995475769,0.9980987906455994,0.09248221665620804,0.0,0.15000000596046448,1.0,0.35341939330101013,0.353415846824646,0.35342156887054443,0.0,0.0,0.0,0.0,0.0,0.20387586748723321,0.9999999925494194,0.0024673573207110167,0.002628489164635539,0.5719636082649231,0.9999862909317017,0.9999862909317017,0.04238611087203026,0.0,8.764761878410354e-05,0.005795877426862717,0.0,8.805206744000316e-05,8.805206744000316e-05,0.0,0.0008764761732891202,8.764761878410354e-05,0.0,0.0,0.12663991749286652,0.10135795176029205,0.15192189812660217,0.15192189812660217,0.10000000149011612,0.1,weighted_mean,1.0,0.03999999910593033,norm_clip,v6_classifier_directional,classifier_directional_residual,24.0,0.03599046915769577,1.0,1.0,0.0,8.805206744000316e-05,0.0,0.0,0.0,"[217073, 3003, 3003]",0.0,0.0,9.302422404289246e-05,True,45,0.1,-8.534426342521328e-06,0.39463600516319275,1.5199533700942993,1.519961953163147,-8.534426342521328e-06,0.39463600516319275,-8.795942449069116e-06,0.3571428656578064,2.083800791297108e-05,0.4460916519165039,0.0,-0.05289999768137932
3,5.0,0.22359082102775574,0.13450259268283843,0.2125260978937149,0.17615176737308502,0.5005736947059631,0.9999844431877136,0.15,0.1936166137456894,0.050182655453681946,24,6042,0.025352245196700096,0.05070449039340019,0.5,1.0,0.0,1.0,1.0,1.0,0.0,0.0,0.0,24.0,0.0,1.0,0.26219186186790466,0.24201397597789764,0.24510042369365692,0.2506937086582184,0.9996586441993713,0.00048682314809411764,0.0007754294201731682,0.0020586622413247824,2.5266805096180178e-05,0.004686558153480291,0.0014932334888726473,1.0,1.0,1.0,0.0,0.10000000149011612,1.0,0.0,0.0,0.0,0.0,0.0,0.0,0.0,0.0,0.0,0.0,0.0,0.0,0.0,0.0,0.0,0.0,0.0,0.0,0.0,0.0,0.0,0.0,0.0,0.0,0.0,0.0,0.0,0.0,0.0,0.0,0.0,0.0,0.0,0.0,0.0,0.0,0.0,0.0,0.0,0.0,0.0,0.0,0.0,0.0,0.005,1.0,0.0,0.0,0.0,0.0,0.0,0.0,0.0,0.0,0.0,0.0,0.0,0.0,0.0,0.0,0.0,0.0,margin,margin,0.0,0.0,0.0,0.0,0.0,0.0,0.0,0.0,0.0,0.0,0.0,0.0,1.0,1.0,145.0,116.0,0.5555555555555556,1.0,0.35342544317245483,0.3534195125102997,0.3534294366836548,0.0,1.0,1.0,1.0,1.0,0.49995943903923035,0.49994003772735596,0.4999734163284302,0.0,0.0,0.0,0.0,0.0,0.0,0.0,0.0,0.0,2.0,0.1936166137456894,0.5780742764472961,0.6634839177131653,0.998095691204071,0.09286675602197647,0.0,0.15000000596046448,1.0,0.35342544317245483,0.3534195125102997,0.3534294366836548,0.0,0.0,0.0,0.0,0.0,0.20387586748723321,1.000000011175871,0.002466450212523341,0.00262779975309968,0.5743338465690613,0.9999865889549255,0.9999865889549255,0.04237377643585205,0.0,0.00025701906997710466,0.0067983875051140785,0.0,0.000258205080172047,0.000258205080172047,0.0,0.0010280762799084187,0.00025701906997710466,0.0,0.0,0.12663966417312622,0.10135795176029205,0.15192139148712158,0.15192139148712158,0.25,0.25,weighted_mean,1.0,0.03999999910593033,norm_clip,v6_classifier_directional,classifier_directional_residual,24.0,0.03945261240005493,1.0,1.0,0.0,0.000258205080172047,0.0,0.0,0.0,"[217073, 3021, 3021]",0.0,0.0,0.00023316219449043274,True,45,0.25,-7.706697942921892e-06,0.40229883790016174,1.5080772638320923,1.5080848932266235,-7.706697942921892e-06,0.40229883790016174,2.567682895460166e-05,0.4642857015132904,4.8059493565233424e-05,0.45267489552497864,0.0,-0.07819680124521255
4,65.0,0.2215031385421753,0.2052677243947983,0.216283917427063,0.19018997848033906,0.5025347471237183,0.9438556432723999,0.15,0.19784656167030334,0.050182655453681946,24,6174,0.05979172885417938,0.05979172885417938,1.0,1.0,0.0,1.0,1.0,1.0,0.0,0.0,0.0,24.0,0.0,1.0,0.25019118189811707,0.2499692738056183,0.24938534200191498,0.25045424699783325,0.9999991655349731,0.6865953207015991,1.0285091400146484,0.017908066511154175,1.8674963087050855e-07,0.0037681669928133488,0.003918889909982681,1.0,1.0,1.0,0.0,0.10000000149011612,1.0,0.0,0.0,0.0,0.0,0.0,0.0,0.0,0.0,0.0,0.0,0.0,0.0,0.0,0.0,0.0,0.0,0.0,0.0,0.0,0.0,0.0,0.0,0.0,0.0,0.0,0.0,0.0,0.0,0.0,0.0,0.0,0.0,0.0,0.0,0.004992635454982519,0.0,0.0,0.0,7.3644846452225465e-06,0.6666666865348816,0.0,6.0,0.0,3.0,0.005,1.0,0.0,0.0,0.0,0.0,0.0,0.0,0.0,0.0,0.0,0.0,0.0,0.0,0.0,0.0,0.0,0.0,margin,margin,0.004994605667889118,6.0,3.0,5.3942203521728516e-06,0.5555555820465088,0.5567283630371094,0.0004168861487414688,102.0,43.0,0.4432716369628906,0.0005841525853611529,2.0644170945161022e-05,1.0,1.0,145.0,116.0,0.5555555555555556,1.0,0.3932490050792694,0.393248975276947,0.393248975276947,0.0,1.0,1.0,1.0,1.0,0.5000064969062805,0.5000063180923462,0.5000067353248596,0.4111080467700958,145.0,102.0,43.0,0.0,0.7034482955932617,2.0644170945161022e-05,0.7034482955932617,-0.21783240139484406,2.0,0.19784656167030334,0.8295090794563293,0.9333110451698303,0.9875491857528687,0.839081883430481,0.0,0.15000000596046448,1.0,0.3932490348815918,0.39324891567230225,0.3932490348815918,0.0,0.0,0.0,0.0,0.0,0.19693486590038314,1.0000000074505806,0.0006329253083094954,0.0007077245973050594,0.336363822221756,0.9968997240066528,0.9968997240066528,0.07149764150381088,1.0,8.879214874468744e-05,0.010112851858139038,0.0,8.920187974581495e-05,8.920187974581495e-05,0.0,0.0017758430913090706,8.879214874468744e-05,0.0,0.0,0.14733150601387024,0.11870796978473663,0.17595504224300385,0.17595504224300385,0.05000000074505806,0.05,weighted_mean,1.0,0.03999999910593033,norm_clip,v6_classifier_directional,classifier_directional_residual,24.0,-0.0314362458884716,1.0,1.0,0.0,8.920187974581495e-05,0.0,0.0,0.0,"[217073, 3087, 3087]",0.0,0.0,7.006525993347168e-05,False,80,0.05,2.613127071526833e-05,0.8045976758003235,1.4732481241226196,1.4732218980789185,2.613127071526833e-05,0.8045976758003235,-8.859132321958896e-06,0.5789473652839661,3.0322034945129417e-06,0.6811988949775696,0.0,0.3902379274368286
4,15.0,0.20668058097362518,0.1248440608382225,0.21022965013980865,0.18333481028676032,0.5005683898925781,0.999999463558197,0.15,0.19303980469703674,0.050182655453681946,24,6024,0.052139632403850555,0.052139632403850555,1.0,1.0,0.0,1.0,1.0,1.0,0.0,0.0,0.0,24.0,0.0,1.0,0.24130947887897491,0.2581357955932617,0.2583879232406616,0.24216681718826294,0.9996054768562317,0.10841865092515945,0.04515448212623596,0.050674889236688614,8.386326044274028e-06,0.0033694396261125803,0.0031315945088863373,1.0,1.0,1.0,0.0,0.10000000149011612,1.0,0.0,0.0,0.0,0.0,0.0,0.0,0.0,0.0,0.0,0.0,0.0,0.0,0.0,0.0,0.0,0.0,0.0,0.0,0.0,0.0,0.0,0.0,0.0,0.0,0.0,0.0,0.0,0.0,0.0,0.0,0.0,0.0,0.0,0.0,0.005020698998123407,0.0,0.0,0.0,-2.06991007871693e-05,0.3400000035762787,0.0,21.0,0.0,5.0,0.005,1.0,0.0,0.0,0.0,0.0,0.0,0.0,0.0,0.0,0.0,0.0,0.0,0.0,0.0,0.0,0.0,0.0,margin,margin,0.004395542200654745,21.0,5.0,0.0006044576875865459,0.9133332967758179,0.6802230477333069,0.0007189015741460025,49.0,96.0,0.3197769224643707,0.000703252328094095,-1.6044748917920515e-05,1.0,1.0,145.0,116.0,0.5555555555555556,1.0,0.3602518141269684,0.36024653911590576,0.36025547981262207,0.0,1.0,1.0,1.0,1.0,0.5001643300056458,0.5001403093338013,0.5002325177192688,0.9178109169006348,145.0,49.0,96.0,0.0,0.3379310369491577,-1.6044748917920515e-05,0.3379310369491577,0.115898996591568,2.0,0.19303980469703674,0.666087806224823,0.7660670876502991,0.995401918888092,0.382498562335968,0.0,0.15000000596046448,1.0,0.3602518141269684,0.36024653911590576,0.3602554500102997,0.0,0.0,0.0,0.0,0.0,0.19693486590038314,1.0000000037252903,0.0017048909794539213,0.0018950259545817971,0.41286182403564453,0.999915599822998,0.999915599822998,0.04565531760454178,0.0,6.690956797683612e-05,0.004312523640692234,0.0,6.721832323819399e-05,6.721832323819399e-05,0.0,0.000669095607008785,6.690956797683612e-05,0.0,0.0,0.1299288421869278,0.10411948710680008,0.1557382047176361,0.1557382047176361,0.10000000149011612,0.1,weighted_mean,1.0,0.03999999910593033,norm_clip,v6_classifier_directional,classifier_directional_residual,24.0,0.034941889345645905,1.0,1.0,0.0,6.721832323819399e-05,0.0,0.0,0.0,"[217073, 3012, 3012]",0.0,0.0,0.0001401156187057495,True,55,0.1,2.353995296289213e-05,0.6245210766792297,1.5027607679367065,1.5027371644973755,2.353995296289213e-05,0.6245210766792297,8.516841262462549e-06,0.6666666865348816,2.5577404812793247e-05,0.8221924901008606,0.0,0.26016563177108765
4,20.0,0.19728600978851318,0.15043560676276685,0.2127348631620407,0.16605475544929504,0.5016498565673828,0.999995768070221,0.15,0.1926552653312683,0.050182655453681946,24,6012,0.05286979675292969,0.05286979675292969,1.0,1.0,0.0,1.0,1.0,1.0,0.0,0.0,0.0,24.0,0.0,1.0,0.23775535821914673,0.25378695130348206,0.2641817033290863,0.24427597224712372,0.9994269609451294,0.20824266970157623,0.12853559851646423,0.26824501156806946,6.631343694607494e-06,0.003057901980355382,0.0032030956353992224,1.0,1.0,1.0,0.0,0.10000000149011612,1.0,0.0,0.0,0.0,0.0,0.0,0.0,0.0,0.0,0.0,0.0,0.0,0.0,0.0,0.0,0.0,0.0,0.0,0.0,0.0,0.0,0.0,0.0,0.0,0.0,0.0,0.0,0.0,0.0,0.0,0.0,0.0,0.0,0.0,0.0,0.005010202992707491,0.0,0.0,0.0,-1.0203231795458123e-05,0.5,0.0,18.0,0.0,4.0,0.005,1.0,0.0,0.0,0.0,0.0,0.0,0.0,0.0,0.0,0.0,0.0,0.0,0.0,0.0,0.0,0.0,0.0,margin,margin,0.004778000991791487,18.0,4.0,0.00022199885279405862,0.7670454382896423,0.8159205317497253,0.0018447735346853733,60.0,85.0,0.18407949805259705,0.0018028944032266736,-3.415469473111443e-05,1.0,1.0,145.0,116.0,0.5555555555555556,1.0,0.36368322372436523,0.3636811375617981,0.36368459463119507,0.0,1.0,1.0,1.0,1.0,0.49975842237472534,0.49966150522232056,0.5002590417861938,0.8126541972160339,145.0,60.0,85.0,0.0,0.4137931168079376,-3.415469473111443e-05,0.4137931168079376,0.16141195595264435,2.0,0.1926552653312683,0.7401071786880493,0.8362626433372498,0.9989736676216125,0.5960589647293091,0.0,0.15000000596046448,1.0,0.36368316411972046,0.3636811375617981,0.36368459463119507,0.0,0.0,0.0,0.0,0.0,0.1967269595176572,0.9999999962747097,0.0036892506759613752,0.0042029693722724915,0.36901769042015076,0.9996333122253418,0.9996333122253418,0.05104402080178261,1.0,0.000140692776767537,0.0035832508001476526,0.0,0.0001413420250173658,0.0001413420250173658,0.0,0.000562771107070148,0.000140692776767537,0.0,0.0,0.1312239021062851,0.10552170872688293,0.15692609548568726,0.15692609548568726,0.25,0.25,weighted_mean,1.0,0.03999999910593033,norm_clip,v6_classifier_directional,classifier_directional_residual,24.0,0.03396144509315491,1.0,1.0,0.0,0.0001413420250173658,0.0,0.0,0.0,"[217073, 3006, 3006]",0.0,0.0,0.00035009533166885376,True,60,0.25,2.728796607698314e-05,0.6321839094161987,1.4701684713363647,1.470141053199768,2.728796607698314e-05,0.6321839094161987,-4.146410148564428e-08,0.6521739363670349,9.527719157631509e-06,0.70783531665802,0.0,0.3043697476387024
